clinic_ID,mean_marine_lp,mean_chla,mean_sst,marine_lp_centered,relative_marine_odds
A0YU5ksfXZS,0.09073283367476713,4.878717693828403,26.62769717261907,-8.402497767576872e-4,0.9991601031342346
A38WhL0NPsX,0.08298699152011674,5.158157159372702,26.500979582796415,-0.00858609193140808,0.9914506632861358
A7fLwHbCEE0,0.179868244648226,3.9054737974096225,27.650051088686364,0.0882951611967012,1.0923104821208338
AGsuiGy1pbD,0.026743887676587468,5.994915686271808,25.812612575954883,-0.06482919577493734,0.9372275321291375
ALCRWoJhPAl,0.07480618004635363,6.311033844947815,26.200428654597378,-0.016766903405171188,0.9833728787911764
ANyiQnCJ1JJ,-0.22362620566124808,4.18254080695926,23.824561007517712,-0.3151992891127729,0.7296434497830319
AgedmysUMqO,0.10020066879090186,2.95683126119857,27.089748690990714,0.008627585339377047,1.0086649102177434
ArvVbDwJVXG,0.46540912077205915,15.543755154033283,28.057025884272,0.37383603732053433,1.4532988441481651
AsaUTiaJPZx,0.2910913514356985,12.560190465715198,27.007509132667845,0.19951826798417366,1.220814511047455
Au9F9p5bo5T,0.07952622839624782,3.2480467116391214,26.839893030237292,-0.012046855055277,0.9880254177917943
AuWHecsehDk,0.274661471032536,11.770050684611004,27.007509132667845,0.1830883875810112,1.2009205498523425
AvGaOoLWxJe,0.08594290520335592,3.557663698241395,26.839693119840824,-0.005630178248168902,0.9943856415021217
AxTFbOBjP1K,0.10072758679097245,5.254165989287355,26.648147647938853,0.009154503339447631,1.009196533963737
B5SiihFPnb9,0.09372231953806416,6.924984220663706,26.25791422526044,0.002149236086539344,1.0021515473499374
B5qb7eWRn8i,0.07619135796042223,4.614775545256478,26.543073381696452,-0.015381725491102588,0.9847359690274683
BDwXUvtcoKY,0.09081524694939233,4.677849659732744,26.6675096698836,-7.578365021324862e-4,0.9992424505834236
BE2uTy6zZAs,0.06989348558377718,4.637546355525653,26.479778544108097,-0.021679597867747633,0.9785537155256
BGH75jpxjrC,-0.03297815287559702,4.295303410516594,25.584713572376202,-0.12455123632712184,0.8828930240117082
BIBe2q0E1fW,0.12340447373317699,4.842770473754153,26.94008009890295,0.031831390281652175,1.0323434274953773
BIVPY3WYBTq,0.02551298107339124,5.935719377464716,25.812612575954883,-0.06606010237813358,0.9360746022911877
BKUG3w4K5Ig,-0.21174911637007585,2.9267614303894764,24.179663546580212,-0.3033221998216007,0.7383611582072729
BLuKE0FXvqN,0.02177904247141257,4.602324853722868,26.036877910907474,-0.06979404098011224,0.9325858746002649
BQ9GJsgpwgc,0.10978349370404364,5.363650742265367,26.711516893524507,0.01821041025251882,1.0183772308586392
BTSJ7x238Oi,0.09225584607718094,4.655042538455889,26.685408528645855,6.827626256561276e-4,1.0006829957611134
BTXtLecW34J,0.4044959288377867,11.214525285973606,28.329103915662674,0.31292284538626186,1.3674160245023101
BTyyO3OAyfE,0.0774963795055755,5.914640801924244,26.302620894820624,-0.014076703945949315,0.986021909590902
BXBaFwHvdXI,0.1014978241074656,4.608454930214655,26.780852399553595,0.00992474065594079,1.009974154231501
BamHZJKfEko,0.0911386878181824,3.8065088501682984,26.839893030237292,-4.343956333424104e-4,0.9995656987027804
BbsaOL1ndvg,0.03225565151824331,4.442903445576723,26.16579359522408,-0.059317431933281504,0.9424075714148199
BdFn2etqRN1,0.04322129730386566,6.179538190364838,25.930749511718773,-0.048351786147659157,0.9527985467842479
BfXPpEfZB7G,0.06687860306628456,6.216863299084601,26.144629818925257,-0.02469448038524026,0.9756079338603664
Bfcnn7neqlV,0.44936829298806624,14.822318090456669,28.04730897707362,0.3577952095365414,1.4301727047567154
BfkLeJ8JxkF,0.10502105929736212,5.400883200267951,26.659763590494816,0.013447975845837304,1.013538806579481
BgQY59WqRrZ,0.1604481819373134,4.914836439490318,27.272336425781273,0.06887509848578857,1.071302393500505
BhYp2FLE4CM,0.3605752355815201,11.02304795103253,27.955775077387994,0.2690021521299953,1.3086579574454797
BnuzSoFc5oT,0.05379924792053189,4.154781113352095,26.423172433035738,-0.03777383553099293,0.9629306969756989
Bo9u7fb4Ele,-0.1351597885989262,3.686606838747307,24.747888183593773,-0.226732872050451,0.7971336905402719
BonwiBwiwN6,0.05278895382005918,4.35258411236529,26.375282373968183,-0.03878412963146564,0.9619583450368001
Bv0j33Fkigo,0.016443867670998858,4.528963318494991,26.00126679322432,-0.07512921578052596,0.9276236149746412
Bx8EpMD2P9C,0.07817352137593386,4.581652511358261,26.568039550781272,-0.013399562075590954,0.9866898124179408
BxpH1ND8KFP,0.006166080656804475,3.2676221561209053,26.150359137704463,-0.08540700279472034,0.9181385234007664
C2UCiF8zi22,0.2077665647565928,7.3773275292836695,27.23601449819714,0.11619348130506799,1.1232131718612206
C3X5z75glRw,0.408643244731127,8.878454371734902,28.821926088686364,0.3170701612796022,1.373098906922256
C43g5TA5l3j,0.38897134430702013,12.787780893854348,27.878199712914178,0.2973982608554953,1.3463513917457972
C4DPM9049U2,0.11225558471231081,6.043313670158387,26.602520461309545,0.020682501260785996,1.020897866390603
C7lL5l2cMiq,-0.22153969877993218,4.494451545330942,23.783439293686246,-0.313112782231457,0.7311674452225029
CKvTGgCbkAU,0.06986301281278919,4.475764031722166,26.510938869012872,-0.021710070638735632,0.9785238967366602
CMZGhV0IGGv,0.07826066657761935,5.951396615416914,26.302620894820624,-0.01331241687390547,0.9867758014473562
COTg9NFTrSk,0.10737952188862551,5.3978758816866534,26.682393685567032,0.015806438437100695,1.0159320209835914
CSR6RawcBN6,0.3557723010887296,11.007697709063267,27.913863551363054,0.2641992176372048,1.30238762904443
CT9VQVSBSLf,0.4449703722899469,13.030188549396604,28.354530795784907,0.3533972888384221,1.4238967293533138
CTNjqAALGNk,0.1076588699573565,6.098692967096964,26.548789062500024,0.016085786505831687,1.0162158592746084
CTgirjxonGY,0.12170193643457354,5.0813195462129555,26.877799645248746,0.030128852983048723,1.0305873196488455
CUPqybS9OHR,0.026623803357009927,6.035073786411647,25.80368468086677,-0.0649492800945149,0.9371149925559067
CWGMwADdqVh,0.10396552041323419,5.321256945530574,26.665373738606792,0.012392436961709372,1.0124695413833378
CZBbxLM2srh,-0.0024282359750712767,4.181793818208907,25.892339409722243,-0.09400131942659609,0.9102815611902728
CZodQ9YHZ3p,0.10891349793052395,2.8922937366427206,27.183735251913287,0.01734041447899913,1.0174916322613206
CauKzaMDLL9,0.0861019327229527,3.5642830718446668,26.839893030237292,-0.005471150728572113,0.9945437887587621
Cf4LJmIcIS4,0.524477734546402,18.44018246303095,28.046195513288573,0.4329046510948772,1.5417292114998482
ClXyzOeSf4p,0.48195817830489585,17.630979083619028,27.806029352152144,0.39038509485337103,1.477549681115637
CqmfqwVubE2,0.07625350150138765,4.504740877378554,26.565041387648833,-0.015319581950137162,0.9847971659089755
CtsMaqpESXt,-0.2297480306030581,2.2489167251265965,24.14317063551685,-0.3213211140545829,0.7251903447854562
Cuc4xBng8YM,0.24029091798755595,6.088727330719983,27.79049524377896,0.14871783453603113,1.160345533577077
Cw6S6yjaW7R,0.41229205090155574,10.673855604948821,28.5070660626447,0.3207189674500309,1.3781182303868085
D0gr6NHleWJ,0.365095238313537,6.946341000351252,28.79040335860909,0.2735221548620122,1.3145864833715786
D5kMnH9DKxk,0.11194111712748639,3.0122819698237357,27.188713950299224,0.020368033675961572,1.0205768775771404
D93RFoaP8gU,0.25793783751858296,10.965783836664977,27.007509132667845,0.16636475406705814,1.1810037991081253
D9Wnnt4zLh8,0.017581712127030608,2.5346425127009953,26.399533143335482,-0.07399137132449421,0.9286797070825565
DBb75pWvtif,-0.20917975581702677,3.979773729188101,23.999009486607164,-0.30075283926855156,0.7402607135173045
DDR2w1c1GyE,0.05184761195835368,5.4734103547202215,26.148631456163216,-0.039725471493171134,0.9610532394511249
DH22o4dHjfh,0.07819495796122879,4.837332068454652,26.51854422433038,-0.01337812549029603,0.9867109639049714
DJZYsyRUmxA,0.03016592573475932,6.011640310287476,25.841349130306625,-0.0614071577167655,0.9404402543068581
DLFgLcSf4bC,0.3678310906896932,6.915731231371562,28.821926088686364,0.2762580072381684,1.3181879221818733
DLqu0Edypfp,0.43184312595813795,11.614098734325832,28.5070660626447,0.34027004250661314,1.4053270373636864
DTlwdUXgbTM,0.14277716425952858,4.0650083398818975,27.272336425781273,0.05120408080800376,1.0525376741051224
DVsBujzZohq,0.05097201324892463,4.165139444745504,26.394731727013244,-0.04060107020260019,0.9602121107743
DXKlpQGiFAT,0.07546282142108557,4.49262281938603,26.56000591077305,-0.01611026203043925,0.9840188141609151
DXbyDxr4H74,0.009775345438784146,3.95036808339258,26.05139312744143,-0.08179773801274068,0.9214583158393685
DcczFpYcrMV,0.04593589087202317,6.675451278686523,25.859734786184234,-0.04563719257950165,0.9553885213648033
DpNKdg1Axgi,0.1191892391612805,3.0763879748327394,27.244005185081868,0.027616155709755688,1.0280010163602347
DrJA7D4dw6t,0.10992083744839551,5.3950284524839756,26.70670190927936,0.01834775399687069,1.0185171082061075
DyDeOcaQght,0.4038124816261327,12.12144698292376,28.14643966490966,0.3122393981746079,1.366481787120525
Dzr57TxAG74,0.09362486537678096,5.0545399335195444,26.620556179982334,0.002051781925256138,1.0020538882701309
DzrDp08083r,0.15357448104263574,5.16431012104467,27.15959548163662,0.062001397591110924,1.0639638317133882
E1zvmE0Cf03,0.29929497310142916,7.680663098110243,28.032611701193844,0.20772188964990435,1.2308708040331455
E710o38mkhZ,-0.1892722845004718,3.8002192927341834,24.219992723651984,-0.2808453679519966,0.755145096085257
E7iFK9w1b07,0.14619937672103256,3.031091723177168,27.505284740306735,0.05462629326950774,1.0561458521040608
E7pxRjILKZW,-0.01712830336579172,3.72661977154868,25.843402390252997,-0.10870138681731653,0.8969982330068443
E8mcE9guahS,0.10811396265494246,4.364964034197465,26.89002294000592,0.01654087920341764,1.0166784369412107
EB8qTcx1zZb,0.08756934686105769,4.755084308923461,26.622156958486542,-0.004003736590467127,0.9960042676769865
EBSzSAeimbj,0.11206201631517233,3.0180962092064796,27.188713950299224,0.020488932863647516,1.0207002719516
EBqCRigM04G,0.03163584556369472,1.4256538189563552,26.746454172036106,-0.0599372378878301,0.9418236425704262
EHqvyn6Zjcx,-0.20919583375216552,3.9790005150295444,23.999009486607164,-0.30076891720369037,0.740248811749245
ERtIrvKBZup,0.1781023009930946,7.126362501471131,27.007509132667845,0.08652921754156978,1.090383225569593
ESXKd6XqL9I,0.11219522650309241,3.0245025046962377,27.188713950299224,0.020622143051567593,1.0208362486831788
EXgutTAggsK,0.06262652713501679,4.1641537055228515,26.503863110588615,-0.028946556316508026,0.9714683819279885
EYZ5Ej566ob,0.059476187346407694,5.911375249331851,26.134813071196955,-0.03209689610511712,0.968412742110051
EaemX5dykkr,0.27875164469166014,7.086645377309699,27.956041837993443,0.18717856124013532,1.2058425825744086
EbpcuYFs7BU,0.07427798508387136,4.287597925574691,26.588780834056735,-0.017295098367653458,0.9828536033417682
EhG9OVklrzy,0.5372411287978733,19.729124190959524,27.91497257313832,0.4456680453463485,1.561533022334928
EjQSo3Khzwt,0.42673477479903765,13.605555339086624,28.072242373511926,0.33516169134751284,1.398166438362022
ElJK1lqqoAg,0.09608214389407595,4.715540940562884,26.70941569010419,0.00450906044255113,1.0045192415522497
Er6VUriUHWS,0.06927574626985139,4.362849368498875,26.52739633413464,-0.022297337181673427,0.9779494110952507
ErLw9twd3q5,0.09663467407239504,5.0504727720100195,26.649480687792078,0.005061590620870221,1.005074422110792
EzajPjw3dHV,0.33089717848367667,6.889946103096008,28.481700598675296,0.23932409503215185,1.2703901970234313
F6TJUj08YvQ,0.5057306855127857,17.53860625819625,28.046195513288573,0.41415760206126084,1.5130955750754542
F6VGXwbcv4M,0.10690402442988937,5.965172035826578,26.567685275607662,0.015330940978364557,1.0154490627211779
FDhNi5B4xJi,0.11591656713348025,5.080864753041949,26.823809689891604,0.024343483681955436,1.0246422053307391
FHgxE7EXreK,0.09016226462990165,4.667135643727573,26.663488413986673,-0.0014108188216231665,0.9985901759153977
FIZEyJvYSR7,0.11572184435686585,5.963557730211274,26.650423024970816,0.02414876090534103,1.0244427035798784
FLDwHfaQPDt,0.4531401486198123,15.00371278780643,28.04730897707362,0.36156706516828746,1.4355772959889153
FM28NFMhJLl,0.08993190235019116,4.7204791232943535,26.650966898600284,-0.0016411811013336552,0.9983601648999254
FMaqR2PkZg3,0.2934313136287371,7.925451514790359,27.93022271313716,0.20185823017721227,1.2236745156944142
FOZNx5vq3gY,0.23929589827644726,6.0777202138194335,27.783333785445624,0.14772281482492244,1.1591915411173035
FSyAU0tB1UY,0.47630272564511456,16.092209471869715,28.052251630960075,0.38472964219358974,1.4692170534416027
FU3Yy0f6Nnw,0.22648539876079926,9.246468389034268,27.04768798828127,0.13491231530927444,1.1444364303971717
FZqXIBwYoVv,-0.034959376787916045,4.200023116930478,25.584713572376202,-0.12653246023944087,0.8811455468838594
FaOTFKvtLFI,0.10680758940179393,2.780168935807064,27.185843789457092,0.015234505950269109,1.0153511425838262
FaXM4TtWt1r,-0.2101801630854331,2.8148102273161597,24.216088867187523,-0.3017532465369579,0.7395205216273923
FfeT6dGGUNF,0.016379972055774517,4.525890474007509,26.00126679322432,-0.0751931113957503,0.9275643457866065
FgsS7pablsm,0.13093711015916806,5.9355487437159935,26.79809072989007,0.039364026707643246,1.0401490567772096
FhbGh3bzJ5z,0.10193488817108327,5.7261981577784935,26.567685275607662,0.010361804719558457,1.0104156741187078
FltTnemzBKL,0.044388911101552464,2.927977771959572,26.573660192757032,-0.04718417234997235,0.9539116972523466
FsoIcRGebCX,0.12390082098151334,6.019888935629854,26.715926526256467,0.03232773752998852,1.0328559555003631
FwueEBTQVb7,0.10579800206087661,5.081519192662732,26.729099878771574,0.014224918609351794,1.0143265742063454
FzRRhF4Xcbs,-0.22362620566124808,4.18254080695926,23.824561007517712,-0.3151992891127729,0.7296434497830319
G6KuJEtownU,0.3416171235430819,10.105167684646753,27.956971153846176,0.25004404009155706,1.284081966529875
GDpSKtOSqLN,0.019294355830638873,4.634093887401075,26.007477612765353,-0.07227872762088594,0.930271567291145
GKsauyjU0SF,0.040050119517982284,4.69995955405412,26.18868860315396,-0.05152296393354253,0.9497818389847372
GW9EkheLBm2,0.061865740628555536,4.135880894256086,26.5022470150354,-0.02970734282296928,0.9707295829613408
GYOBWJcDsDh,0.12163167844918618,5.488035335584922,26.79809072989007,0.030058594997661364,1.0305149152035262
GcFAxI2aM5Y,0.040968435297522546,6.071194377210407,25.930749511718773,-0.05060464815400227,0.9506544392345647
GdVWkKjNoii,0.07291963714749873,4.094778033994859,26.61356161794357,-0.018653446304026086,0.9815194525035693
GnLPZLWBA34,0.08156948828837932,4.884266940030183,26.540964824021486,-0.010003595163145501,0.9900462743648918
GpWPmMU91KK,-0.2109067384077447,2.7989999889223665,24.21237024377896,-0.3024798218592695,0.738983399419535
GrJS2W8ere5,0.10502552650812644,6.058619248417189,26.5319630748821,0.01345244305660162,1.013543334281061
GtG7Apfgj2g,0.5598559896823001,19.849183947126438,28.103027800087638,0.4682829062307753,1.597249210528172
GwtGeLStQ2x,0.11947909845294365,5.8706591599262685,26.70360013521637,0.02790601500141883,1.0282990351963437
GyPeGV0bDsu,0.07863574715512507,5.969434852953309,26.302620894820624,-0.012937336296399746,0.9871459913060048
GybqKOAsGcY,0.07819106624313713,5.948049421663636,26.302620894820624,-0.013382017208387692,0.986707123911534
H0Jb0vmgXvC,-0.005643338062345052,4.494837190503272,25.80144111419395,-0.09721642151386987,0.9073596127411477
H5bTM0XL14P,0.09007180389048061,5.155683060487111,26.567685275607662,-0.0015012795610442053,0.9984998467953868
H96OCfH8E2i,0.24939959128648628,7.6624825513251515,27.56975166106895,0.15782650783496147,1.1709630241736873
HDQFay5JFVe,0.4360741037986935,10.19764918309671,28.821926088686364,0.3445010203471687,1.411285541177624
HE1xztDlPWQ,0.07983396540890036,4.515704426110961,26.59637858072919,-0.011739118042624452,0.9883295165711153
HLLMAkSKxZG,0.3458583021710051,6.944555980187875,28.610934335214143,0.2542852187194803,1.2895395526408746
HNzzbDGCGY4,0.0761182153699963,5.848362637890711,26.302620894820624,-0.015454868081528517,0.9846639455218331
HPGJK5HC9cq,0.02525261802219282,4.887397513345437,26.01393816912618,-0.066320465429332,0.9358309147765748
HPLqS2OOny0,0.1111663552711958,2.926887500042819,27.198069794324002,0.01959327181967098,1.0197864797655563
HRJkowmIQFw,-0.1817454949558692,3.765102901191355,24.29717435747666,-0.27331857840739404,0.7608503585191626
HWYcYJ50li9,-0.21146534508984252,2.8009401899631894,24.20677159389605,-0.3030384285413673,0.738570713629911
Hbpbp3X8uXA,0.028553455603791342,2.5144452029380244,26.506016474184804,-0.06301962784773348,0.9389250444304653
HchHLQUUAbh,0.10285562642866689,5.472594482558113,26.625584035105543,0.011282542977142068,1.0113464309118703
Huuc1HLfUgm,0.4320306724897814,11.623118153324834,28.5070660626447,0.34045758903825657,1.4055906262921907
Hxb84zXRZ35,0.051340320040499994,4.149772494469049,26.401161280218183,-0.04023276341102482,0.9605658285503823
Hyaltlh9JpD,0.47845298571530104,14.928117978204156,28.298612173808014,0.3868799022637762,1.4723796511913312
HzJ9qTendIg,-0.22704902142757935,4.017932006772959,23.824561007517712,-0.31862210487910414,0.7271502839370885
I0zrAwM5gZL,0.05666619245833485,5.5778011049864435,26.17338268352007,-0.034906890993189964,0.9656953270045299
I1OCUEa09Eu,0.07465256712525148,4.30561218769462,26.588780834056735,-0.016920516326273338,0.9832218316124288
I6O0jlvGuDD,0.40509515138803137,10.401925102695005,28.492647879464307,0.31352206793650655,1.3682356565662404
IAUuatwu9qR,-0.2141194618551282,2.792954764276181,24.18351451945757,-0.305692545306653,0.7366130597866573
IAZY417LfYu,0.038709623078495285,3.387397729883008,26.43127728630517,-0.05286346037302953,0.9485095127761884
ICiZkkAGb2j,0.09328556471219858,3.9088607924325123,26.840066964285736,0.0017124812606737622,1.0017139483940678
IGKlvAwyvd0,0.05311075498730919,4.321328531140867,26.384365446671218,-0.03846232846421563,0.962267954168697
IJW1PEdz7z4,0.10098184836004143,2.9307361925903113,27.102122738486866,0.00940876490851661,1.0094531664824724
INrXsjpFZU8,0.06785326239168918,6.196490917565686,26.157700103183984,-0.02371982105983564,0.9765592827762765
IOEj4MGPEoy,0.017997530460915574,1.9628271924124816,26.514562084056735,-0.07357555299060925,0.9290659494288276
IPAeo2PCMIB,0.0975211897721605,2.5907625183463097,27.13585417374323,0.005948106320635679,1.0059658314312239
IPVt7tgyaYK,0.08728594091896283,3.6212239596578795,26.839893030237292,-0.004287142532561988,0.9957220341443941
IQ82WcLTcGX,0.055055407406979694,5.498079956145511,26.173821149553593,-0.03651767604454512,0.9641410515455289
IRn2N8HJCVT,0.08858224495723704,5.024407211277218,26.579277434172475,-0.002990838494287773,0.9970136296075947
ISBFlRPcGsh,0.1551960127101193,2.8115749102012786,27.63204704733458,0.06362292925859447,1.0656904822905304
IWaVUkmyOpM,0.09575847982587515,4.4960717940330515,26.749047851562523,0.004185396374350336,1.0041941673781956
IXDH6beJ6z3,0.08191839504412364,5.443364419043064,26.43555603027346,-0.009654688407401177,0.9903917684676256
IXEfo2DLf3r,0.0681967795773359,5.513708838663602,26.293621504934233,-0.023376303874188917,0.9768948052982898
IZJ4L65j7DY,0.10086969060127458,5.948284716517836,26.514562084056735,0.009296607149749767,1.0093399548266413
Ia1xr8ql45r,0.39910845789795907,10.03983508657526,28.5070660626447,0.30753537444643425,1.3600689193361426
IbI8hBmhy1d,0.3669734639474035,6.889594626203875,28.818989577248853,0.27540038049587867,1.3170578936090722
IcMiQU9QW3l,0.09273336777074362,5.117486291206799,26.599988262469974,0.0011602843192188017,1.0011609577094858
Ie995qqgNYm,0.4531401486198123,15.00371278780643,28.04730897707362,0.36156706516828746,1.4355772959889153
Int9zugK1fu,0.0746990648384004,4.509568863055286,26.549572993259826,-0.016874018613124417,0.9832675502420146
Ix3KIt1tRuB,0.06811706172669992,4.099843654367659,26.567685275607662,-0.023456021724824902,0.9768169324480833
IxSpatnM85A,0.34338399371385014,12.222425399003205,27.561961534288216,0.2518109102623253,1.2863527781772823
IxWKWMfXE0u,0.30023863105255677,3.665099458562003,28.821926088686364,0.20866554760103195,1.2320328732658836
IxdVGcoq15U,0.059602563379464575,2.933636538336211,26.714768910630863,-0.03197052007206024,0.9685351340042987
J04lAYw6HDx,0.4136150144188092,12.658905636589484,28.133603884139173,0.3220419309672844,1.3799426370737211
J0sVD6031SG,0.1534891261359479,2.7660453049641736,27.62494149837856,0.06191604268442308,1.0638730210554357
J3qZR9u4ld6,-0.23001115269169697,3.8754782766666054,23.824561007517712,-0.3215842361432218,0.7249995562887102
J7WjLXsPDTQ,0.3013885974782391,12.369628822361982,27.140800871672475,0.20981551402671428,1.2334504846520022
J8z02WBnS2N,0.43529358958413894,13.04722391764323,28.260766601562523,0.3437205061326141,1.4101844425194159
JEgF3dc3yOO,0.5598559896823001,19.849183947126438,28.103027800087638,0.4682829062307753,1.597249210528172
JHjNNGjdnq4,0.5254498698612085,18.486934037966147,28.046195513288573,0.43387678640968363,1.5432287096516786
JJPXmBBn47m,0.02817755678968597,4.326189991469694,26.150359137704463,-0.06339552666183884,0.9385721699464351
JL5xx42JPji,0.37381802437272077,10.9722624127827,28.089432198660738,0.28224494092119595,1.3261034972217614
JPMUiUEKrQS,0.1925806623196776,3.831108223508905,27.783333785445624,0.10100757886815279,1.106285026120004
JQ1ZEZxXVif,-0.04108050300524954,3.8487649754835997,25.595769794170696,-0.13265358645677436,0.8757684176082962
JSWV4zCHVlg,0.065928112443475545,4.226948262364776,26.522519259982662,-0.025644971008049272,0.9746810682260211
JSg0z6OCjY0,-0.18568981577157406,3.9639464264824267,24.221656436011926,-0.2772628992230989,0.7578552313667037
JSyL0K2fohi,0.1269324197417018,3.7504243063926697,27.185373535156273,0.035359336290176985,1.0359919114127656
JT9pPQqiwnC,0.051340320040499994,4.149772494469049,26.401161280218183,-0.04023276341102482,0.9605658285503823
JUJNB5SdZpS,0.12170193643457354,5.0813195462129555,26.877799645248746,0.030128852983048723,1.0305873196488455
JXXTLIjVlPF,0.11862312618912067,3.0531034680564755,27.243239224894687,0.027050042737595856,1.027419216347285
JZHmQSUJZIr,0.06357661568081134,3.437267017130759,26.6540268841912,-0.027996467770713476,0.97239180150598
JZXDSdUXLqB,0.4036624393014573,12.97457446550068,27.979217208059232,0.31208935584993247,1.3662767723973863
JgZaBndsYOl,0.06316556725761838,5.57012622444718,26.23562689887155,-0.02840751619390644,0.9719921835260422
JhQYIlxVg2W,0.0466767349497628,3.348160743156325,26.513375711886706,-0.044896348501762016,0.9560965775400242
JrgLECWNoue,0.13327029034961557,6.047755189515927,26.79809072989007,0.041697206898090755,1.042578745299946
Jrs85psxQGx,0.058872343329925844,3.781875847067152,26.543073381696452,-0.03270074012159897,0.9678281483897163
Jt9TVUXPIQK,0.10186698123888303,5.99624605200909,26.514562084056735,0.010293897787358217,1.0103470622196695
JwOVx9norm9,0.037724001866356466,3.6626992615369653,26.368554687500023,-0.05384908158516835,0.9475751022435461
Jwi7gRvm2jl,0.06694312095546802,4.188039899986481,26.539569491092312,-0.024629962496056798,0.9756708800554857
Jyc7ZUS9YLv,0.05879437963098714,3.883875400931746,26.522519259982662,-0.03277870382053768,0.967752695868648
Jz8NMWI5M6S,0.04741163856377667,6.381058545024305,25.930749511718773,-0.04416144488774815,0.9567994746193713
K06utQTLlK6,0.5028374935570005,18.036499440670013,27.92237752278648,0.41126441010547565,1.5087242257548765
K11rruwGDJT,0.09863470564988455,6.0019975414982545,26.483230703848402,0.007061622198359735,1.0070866142458936
KF56aFY1tzb,0.05513077152943875,4.465205950557062,26.375282373968183,-0.036442311922086065,0.9642137159279146
KJKIVaVF62X,0.03169986987460408,3.321872451191856,26.37849004836312,-0.059873213576920735,0.9418839441105016
KJOuK4DNB7S,-0.04821427236779014,4.9719883389770985,25.310769653320335,-0.13978735581931495,0.8695431190250109
KSPCvOmQFya,0.27625135475136253,6.997475056421189,27.950002325148834,0.18467827129983772,1.2028313924884473
KVF2fZNpvTn,0.4084412113695822,11.58332605451067,28.29429943049068,0.3168681279180574,1.372821523155688
KVfXTsStmzP,0.33230166255584437,7.436495418731983,28.38859769381012,0.24072857910431955,1.2721756933776818
KXNLOAzcjfG,0.10102240938276393,5.237026822219773,26.654234773209975,0.009449325931239108,1.009494111765681
Ka91ESXVCfL,0.43529358958413894,13.04722391764323,28.260766601562523,0.3437205061326141,1.4101844425194159
KbCqDMhRmIg,0.0190536389074311,4.589278483832324,26.01393816912618,-0.07251944454409372,0.9300476621316808
KdAf3twxcxd,0.1315486715234328,5.964959728497045,26.79809072989007,0.039975588071907986,1.0407853663047402
KefqsFb2Vc7,0.10992083744839551,5.3950284524839756,26.70670190927936,0.01834775399687069,1.0185171082061075
Kff5UPIlyFT,0.10339768808330857,5.0813195462129555,26.70670190927936,0.011824604631783753,1.0118947916408612
KtsiDZimc9C,0.03818998171874298,5.764876125380397,25.96431630452476,-0.05338310173278184,0.9480167560427091
Kuh4EEwxJCz,0.09612880047824642,2.2690279489755634,27.185373535156273,0.004555717026721598,1.0045661100821484
L05O0GzOaLp,0.09409221811911217,4.645647336025627,26.70440001195793,0.0025191346675873527,1.0025223103534242
L1C0imGRwPg,0.03810626471753417,4.19724604216489,26.268229536576726,-0.053466818733990645,0.9479373942448097
LIUbco8Ejff,0.07449427660128999,1.0537167991814986,27.219362820400303,-0.01707880685023483,0.9830662092306317
LOCSkeeCVFo,0.11350632528380644,3.104741497039794,27.185373535156273,0.021933241832281625,1.0221755436262676
LOGfhAe7GYQ,0.07953021360971092,3.2482383670630286,26.839893030237292,-0.012042869841813894,0.988029355291837
LSPFFiq0rLZ,-0.23343220294813377,3.7109543827344793,23.824561007517712,-0.3250052863996586,0.7225235340838124
LSUUgrsfBMJ,0.09167528597076663,6.7373603616442,26.275247628348236,1.022025192418119e-4,1.0001022077420971
LTZ2yqPuSRh,0.07529169934137335,4.191348332803226,26.616964217991526,-0.016281384110151467,0.9838504412215346
LU1q78MwhCt,-0.13392601568269147,3.7459409932295484,24.747888183593773,-0.22549909913421629,0.7981177794445661
LWlrqDlAqK8,0.4011077539594024,11.605703028510598,28.221401079963258,0.3095346705078776,1.3627908198056455
LZWsms8TZyB,0.46623971206893744,15.032603282194872,28.164140906700744,0.3746666286174126,1.4545064429609846
LgDMI5pB2iV,0.30138859747823915,12.369628822361982,27.140800871672475,0.20981551402671433,1.2334504846520022
LhfJAgSYx5q,0.09173348877536969,4.7426983789332855,26.663488413986673,1.6040532384486994e-4,1.0001604181894668
LiuQSAUZIXs,-0.22335958538575654,4.191274150212605,23.82535574776788,-0.3149326688372813,0.7298380134567812
LooefZTAcX8,0.05581832710484297,3.5083774206814944,26.567685275607662,-0.03575475634668185,0.964876894404086
LqG7WN2WyVa,-0.007072266100601005,3.7393449265906153,25.934927173371033,-0.09864534955212582,0.9060639870481153
LsevaLWVyXM,0.10060705457349307,2.498887759266478,27.18255652225381,0.009033971121968257,1.0090749005981428
M0tDcuyBv1N,0.3582206765636414,6.413130802928277,28.82978239239389,0.2666475931121166,1.3055802697709702
M1hUUwoarEc,0.1047813783161164,4.20469461072166,26.89002294000592,0.013208294864591588,1.0132959097138319
MAGRTIS9hVa,0.05380546688545226,4.17337110723768,26.419617280505975,-0.037767616566072554,0.9629366854265451
MFMXzEp71ao,0.05927907723419854,3.8014363447825112,26.543073381696452,-0.032294006217326275,0.9682218769771308
MHvenyJ3vG3,0.524477734546402,18.44018246303095,28.046195513288573,0.4329046510948772,1.5417292114998482
MIqepb8yy3s,0.04690889954257428,3.3438303543028423,26.516387540157734,-0.044664183908950536,0.9563185750816244
MJLpD3K4Gd0,0.07952622839624783,3.248046711639122,26.839893030237292,-0.012046855055276987,0.9880254177917943
MLtmzvQ2Gdm,-0.2187097736901551,4.168619081227467,23.873222952178054,-0.3102828571416799,0.7332395248527833
MNh7Fk0xdEv,0.13152914469012794,5.992192225548829,26.792615101638372,0.039956061238603124,1.0407650432608093
MSVr69334ut,0.051340320040499994,4.149772494469049,26.401161280218183,-0.04023276341102482,0.9605658285503823
MTk3thoQf8q,-0.20915027859694177,2.969103215438015,24.195726157134455,-0.3007233620484666,0.7402825346668889
MVuAoMr9Jil,0.10741129114220532,2.8275743656335997,27.182272793384332,0.015838207690680506,1.0159642968982738
MW4c6VE9Fv3,-0.037083976638245204,3.6262548102915866,25.676375720570412,-0.12865706008977001,0.8792754524914201
MXZMrSow5Oo,-0.03255591104286026,4.376471118699936,25.572884114583356,-0.12412899449438508,0.8832658970960449
MYbmiCHRVCB,0.11376044904141074,3.0883723225003923,27.190930569556475,0.02218736558988592,1.0224353357246192
MaeqJtJA7oy,-0.02584881386862984,4.96763240536557,25.52067592958863,-0.11742189732015465,0.8892099587151364
Mc0Jsh7nhXg,0.11364451086347506,5.081450130521636,26.802458017880177,0.022071427411950242,1.0223168033060874
Mcdxr0ULsoR,0.44936829298806624,14.822318090456669,28.04730897707362,0.3577952095365414,1.4301727047567154
MczJCxhjOtv,0.2902195523836236,7.392013992254551,28.00388371394233,0.1986464689320988,1.2197506699091922
MkJH4U22nv9,0.04729388216347847,6.425782440978789,25.920955936039743,-0.04427920128804635,0.9566868119909359
Mnu30t0Aj7N,-0.16098668389656895,3.5149273802933196,24.53984185376216,-0.25255976734809377,0.7768097835911121
MpXb5PDINcO,0.26271364713368156,3.8933939981942225,28.42679085779674,0.17114056368215674,1.1866575382522186
MrABDSyBJVd,0.33970733300580597,12.045608781002185,27.561961534288216,0.24813424955428115,1.2816319791671036
MtSZeHUd9U8,-0.22778394456146597,3.982588353022091,23.824561007517712,-0.3193570280129908,0.7266160806948154
MuAYnfQDA53,0.06580667602817239,3.9887334329110598,26.567685275607662,-0.025766407423352428,0.9745627136374558
MwvpO1EO4np,0.19052196349712877,3.956277134543971,27.739761513157916,0.09894888004560395,1.1040098611825742
MxuMCpb5k4D,0.05181430719065398,4.305711764209676,26.375282373968183,-0.039758776260870834,0.9610212323292358
MzRd3DGkclw,0.047741427039021775,6.3969186113940335,25.930749511718773,-0.04383165641250304,0.9571150680959067
N0wWAwcGZCW,0.04565332774564659,4.738396996011336,26.233593241373722,-0.04591975570587823,0.9551186019337372
N48716SNs8A,0.05998994715993556,3.835623240470886,26.543073381696452,-0.03158313629158926,0.9689104014876035
N7rMaKQN6Ph,0.12985861650057348,3.49721422279724,27.261941682449518,0.038285533049048665,1.0390278673220168
NA1FBm3XUuW,0.09478103826117133,5.085468990780482,26.625351836302592,0.0032079548096465155,1.0032131058032556
NCmBm4VY2cW,0.09977381091702218,2.87263969904498,27.102122738486866,0.008200727465497368,1.0082344455388657
NDKzbItZsMb,0.05458796344953683,5.313492071962805,26.20532956702689,-0.03698512000198799,0.963690474954718
NHuxbayJpqV,0.5237853783435561,18.40688592251216,28.046195513288573,0.4322122948920313,1.5406621551513235
NOCREOxh9aH,0.0758922501122985,4.368300984303156,26.588184045862292,-0.01568083333922632,0.9844414708163612
NOHHs6Nuf6b,0.08766775702348573,4.441536257080004,26.68402027803311,-0.003905326428039091,0.9961022894418374
NQqOuGGWxjA,0.43184312595813795,11.614098734325832,28.5070660626447,0.34027004250661314,1.4053270373636864
NWblI6iQfWF,-0.1782596794107682,1.638975491590589,24.743007082359835,-0.269832762862293,0.7635071704142635
NYPZpDVIg8V,0.10424770231717607,2.8207189139499453,27.154033833165347,0.012674618865651258,1.0127552822797676
NZxTlzmuTtb,0.1599577422293609,15.790995478630066,25.153784179687523,0.06838465877783609,1.070777113087223
NaHyGHPvH7A,0.09773356237693075,5.137209877371788,26.642893629807716,0.0061604789254059295,1.0061794937023583
NdbM9aDC5dd,0.36322812479147093,11.114230272505019,27.962849934895857,0.2716550413399461,1.3121342911455671
NfTcHCEwk8T,0.3658483439249933,11.181939191006599,27.974181869182203,0.2742752604734685,1.3155768787182869
NfpXLWuxubs,0.11588958358389503,5.957906944884195,26.65308928313081,0.024316500132370217,1.024614557220008
NhrTTijBthF,0.2747133608036584,4.197209496364415,28.479905629380863,0.18314027735213356,1.200982866961607
NoiJHdp9JSr,0.07733792434430317,6.011991897476055,26.282217892085303,-0.014235159107221645,0.9858656817080838
Ns65ZuQQHqv,0.1047813783161164,4.20469461072166,26.89002294000592,0.013208294864591588,1.0132959097138319
O1JSrOsKw3Q,0.4492809898356742,14.81811953927869,28.04730897707362,0.3577079063841494,1.4300478516212405
O2rDHDeTDFK,0.0377419826619279,6.214159529549736,25.87280273437502,-0.053831100789596915,0.9475921405509288
O9fe3sginVc,0.08599196206905599,4.682063732332397,26.621605260163857,-0.005581121382468829,0.9944344241415429
ODhSdOzRRJg,0.06663451289280994,3.9230812821123324,26.588184045862292,-0.024938570558714873,0.9753698266115493
OGI9QrTBQy9,0.04747832711769751,6.384265706495004,25.930749511718773,-0.044094756333827305,0.9568632843203906
OMiwCsIm3We,-0.008923555357009883,4.339034868177965,25.801062353971986,-0.1004966388085347,0.9043881522294003
ORZAu2S89Mf,-0.21569023940058837,2.9102860596573468,24.146026433555846,-0.3072633228521132,0.7354569127952358
OS2SCsAZKJS,0.048930612782104387,4.158145440816879,26.377009277343774,-0.04264247066942043,0.958253932715949
ObNb49YPglk,0.2378979261111949,6.090527142319724,27.76777708820096,0.14632484265967008,1.1575721558001584
ObUle0Km64C,0.11531912600196847,3.191922044157981,27.185373535156273,0.023746042550443658,1.0240302247615765
Od1f2v01PHN,0.058919202183711085,4.322028359163154,26.43852349438716,-0.03265388126781373,0.967873500769983
Og23D1GURi1,0.5110952328930753,17.79086744005435,28.04730897707362,0.41952214944155053,1.5212344591748992
Og61o90mwLp,0.017959686541127624,4.3439664132893085,26.05139312744143,-0.0736133969103972,0.9290307905968379
OipqO3giE7E,0.23294026751723407,9.08601756185015,27.13921080972549,0.14136718406570925,1.1518475103977681
OkInTrTgN5I,0.09055512852929509,4.7750008281539476,26.646195235906884,-0.0010179549222297246,0.9989825630181206
OmlMMuCxF4j,0.1391803926148374,4.3094601475674175,27.1912024456522,0.04760730916331257,1.0487587365056694
OobrHbGkqsu,0.0979783567917087,4.102197783333915,26.84635416666669,0.006405273340183884,1.0064258309724445
OsPHkQfUs3R,0.06604152007582695,3.7614072051313188,26.614065212673633,-0.02553156337569787,0.9747916107663318
Oy8rKeHRP2g,0.32409394555819226,6.96087653681917,28.404321289062523,0.23252086210666745,1.261776769405962
OyUUQsEgeOJ,0.069465532415536907,4.178296358244761,26.565041387648833,-0.02210755103598791,0.978135029958045
OydohAieT2Y,0.38607108482647806,8.878454371734902,28.610934335214143,0.29449800137495324,1.3424522803083174
P1IneIXXop4,0.091470880932283,3.8258583445415324,26.839237277307266,-1.022025192418119e-4,0.9998978027032578
P1w3as9DWPI,0.09596358967080533,2.68939993663838,27.102122738486866,0.004390506219280513,1.0044001586128393
P7V6VGT25wV,0.11280807251665269,2.9918108566811217,27.200796669407918,0.02123498906512787,1.0214620558508094
PE3OgQN518i,0.07537868841327838,6.323714530467986,26.20331542968752,-0.016194395038246434,0.9839360291808644
PEynES6VYyv,0.42040159540875555,11.591461469542306,28.404517062205212,0.32882851195723073,1.3893395800321686
PHk6PApoorZ,0.11319373210173071,3.0897083804011345,27.185373535156273,0.021620648650205895,1.021856068455927
PLcsYADMYV6,0.07422469655338597,4.196974519353647,26.605896935096176,-0.01734838689813885,0.9828012299130278
PMXz59EID1u,-0.2104952011417553,2.920213282108307,24.19265718005955,-0.3020682845932801,0.7392875812141226
PR3XNDAovZ8,0.014599976562174547,4.679643044869104,25.954743957519554,-0.07697310688935027,0.9259147539996009
PUdklCUBgRr,0.11280807251665269,2.9918108566811217,27.200796669407918,0.02123498906512787,1.0214620558508094
PY0Gy9snbXK,0.43184312595813795,11.614098734325832,28.5070660626447,0.34027004250661314,1.4053270373636864
PZpYQCXapwq,-0.12558387284451633,4.147128266316874,24.747888183593773,-0.21715695629604115,0.8048036403927653
PenZAuENotN,0.07311610519174955,6.216663169173093,26.2029733511118,-0.01845697825977527,0.9817123086552119
Pf8w5UKbepX,-0.03394158697956395,4.401688073195662,25.55503025428924,-0.12551467043108877,0.8820428243836427
Pg6mv09hjEF,0.365051805014713,6.782070844261734,28.821926088686364,0.2734787215631882,1.3145293877839503
Pk0pQPAz7CE,0.062180765424588766,3.9409832687604998,26.543073381696452,-0.02939231802693605,0.9710354350231789
PzmSJUykkbL,0.4156646692511672,10.83605032938498,28.5070660626447,0.32409158579964237,1.3827739437776967
Q2oTLgQfgXL,0.07136167573901227,4.22488817487444,26.573709542410736,-0.02021140771251255,0.9799914736499982
Q6T7GsKFQH2,0.09317434128660784,4.811991329332001,26.663488413986673,0.0016012578350830253,1.0016025405329623
Q6WZupf1lQ8,-0.21242723798077245,3.8947785325569675,23.985174137530965,-0.30400032143229727,0.737860629278316
Q6mqY6jfLRa,-0.2128534875219001,2.9859432541742557,24.15783750952746,-0.3044265709734249,0.7375461835446057
Q9XMcxvZ7Mo,0.41609082619320453,8.99862507769936,28.868184621710547,0.3245177427416797,1.383363348073552
QFDIxK5OPV7,-0.005026320809139385,4.467034474567132,25.812612575954883,-0.0965994042606642,0.9079196420331714
QFfb3Rhy1re,-0.015399811948004816,4.437854231572619,25.72131874234071,-0.10697289539952963,0.8985500274997424
QK4f1AmLgEx,0.10179266462665346,2.9697296710390795,27.102122738486866,0.01021958117512864,1.0102719794388129
QN2Nzjx7WBO,-0.2104097629074499,3.866127470754227,24.009601175560164,-0.3019828463589747,0.739350747338068
QPaj5XQvDke,0.06355817589089555,4.369560151389151,26.472647372159113,-0.02801490756062927,0.9723738709707626
QS9UStOwRhb,0.30138859747823915,12.369628822361982,27.140800871672475,0.20981551402671433,1.2334504846520022
QTsNFKqp6gb,0.5076338513877019,17.78784558432443,28.01554129464288,0.4160607679361771,1.5159779889252447
QcaorQunPGa,0.084669254634335,6.4978477496367235,26.25631260016028,-0.0069038288171898166,0.9931199478608087
Qd4aHHQdsi9,0.026859563022302295,6.000478702562825,25.812612575954883,-0.06471352042922252,0.937335952518592
Qd9kMWoZO8k,-0.21139712779955355,2.936863645630063,24.180990197523606,-0.30297021125107837,0.7386210986412265
QdhpDccjJp7,0.3612893390807858,6.601127712814896,28.821926088686364,0.269716255629261,1.3095928084226838
Qg08cWGlxFz,0.3286948257385721,7.521922512054443,28.338278808593774,0.2371217422870473,1.2675954283485298
Qg1kQnLPWOL,0.12400556023630052,5.08579274059571,26.898463172519353,0.032432476784775705,1.0329641417290183
QhFGf8QtpVb,-0.09018332905768567,4.292313861846924,25.050573087993445,-0.18175641250921049,0.8338044200073859
QugqTIjhGFf,0.38607108482647806,8.878454371734902,28.610934335214143,0.29449800137495324,1.3424522803083174
QxMf9Q2KYxI,0.44818778750155863,15.370148376776621,27.929794076772858,0.3566147040500338,1.428485374179553
Qyrbxdxfv1V,0.331329862689346,7.379144826025334,28.39066093012974,0.23975677923782118,1.270939993732319
R3x3F2isvIH,0.4531401486198123,15.00371278780643,28.04730897707362,0.36156706516828746,1.4355772959889153
R8zmsMWh4ew,0.040117052282602025,4.751862733409953,26.17922598031853,-0.05145603116892279,0.9498454126365625
RLG4gaip9gU,0.08810038362294106,5.595510629720466,26.463769531250023,-0.003472699828583753,0.9965333230196008
RPYxjADrxjb,0.11464922550906105,2.7574471206199838,27.263559332126547,0.023076142057536234,1.0233444561332736
RTMwQVrqf8p,-0.23023148915903008,3.86488193610929,23.824561007517712,-0.3218045726105549,0.7248398300450637
RXHIBlDwEDp,0.24029091798755597,6.088727330719983,27.79049524377896,0.14871783453603116,1.1603455335770771
RXKv9Ry62vI,0.09905690933256643,5.926299963678634,26.501890345982165,0.007483825881041614,1.007511899695432
RZoplR3T6ai,0.1945277655663809,4.475493389826554,27.676286902794494,0.10295468211485609,1.108441175727891
Re4gy2xqNq7,0.06346344135919017,4.002669249262129,26.543073381696452,-0.028109642092334644,0.9722817579506644
Rgc27xD0cZf,0.1753119181851898,6.284364238977433,27.145083007812524,0.08373883473366497,1.0873448800079852
Rizisgdv6qG,0.01500482459653658,4.394564391286283,26.01393816912618,-0.07656825885498823,0.9262896846575934
RlVBtVJI9Z4,0.25830423414108084,3.812950961994675,28.401209647700494,0.16673115068955602,1.1814365941937626
RqL7aXtSdxO,0.28494635915473915,7.444414188748314,27.94440801711312,0.19337327570321433,1.2133356177056625
Ry9CJ7QmIOJ,0.08270593968899044,4.308548799996236,26.663488413986673,-0.008867143762534377,0.9911720534154891
RypeDUJo7UA,0.06457086382295336,5.391094545523327,26.283560689290386,-0.027002219628571453,0.9733590810263125
RzQ7q6rI5Hu,0.0441828897552167,4.707697789624054,26.225815337558984,-0.04739019369630812,0.9537151913230963
S3y8URy1pYn,0.09975384822468818,2.0494267507032915,27.261941682449518,0.00818076477316336,1.0082143186657229
S51HUuvDEFR,0.36833669962814436,11.432254191807337,27.948788597470262,0.27676361617661954,1.3188545782973302
S6N8lTdvbb5,0.09404900539493727,5.963512536424856,26.4478463979868,0.0024759219434124513,1.002478989569359
S7chTN1RiCt,0.06647320719153342,4.020788005104771,26.567685275607662,-0.025099876259991397,0.9752125065863133
S7hKwDEbKD5,0.048047302861121216,5.368029595590108,26.133590877757374,-0.0435257805904036,0.9574078712326215
S9LhQI2JD3M,-0.002288303780345642,4.658134952883853,25.801062353971986,-0.09386138723187046,0.9104089477994844
SGpG6Ff6vg4,0.054667881430547065,5.3364466529026195,26.20161497882596,-0.03690520202097775,0.9637674942293667
SJVAYdSrD1o,0.10446713787508187,2.862849503114659,27.147896190356207,0.012894054423557053,1.0129775411850181
SQnM7wpSAHP,0.04661002253184703,6.362729219895488,25.926819077977616,-0.044963060919677784,0.9560327961531044
SSGJEBcG8Op,0.12044268835887575,3.305733984278649,27.21114439030286,0.028869604907350938,1.0292903713109702
STOsqT0vik9,0.06658804266291289,6.165088795953329,26.151977086950254,-0.024985040788611926,0.9753245020046026
SWsN99JLxzt,0.0771903555196092,4.128040024780092,26.647016834077405,-0.014382727931915612,0.9857202094019806
SXflPBovBm0,0.5127814257963282,18.550007494810586,27.915518673335303,0.4212083423448034,1.52380171776247
SbjtEMyMc8D,0.05940342703664722,3.0935109072136444,26.68183317364389,-0.032169656414877595,0.9683422826623158
SbnhGN3ZSlh,0.015083097753876912,6.028291824822115,25.69712689836451,-0.07648998569764791,0.9263621911134409
ScBZLAvzuQ8,0.08038362125344896,4.4797875314082916,26.60849751592842,-0.011189462198075859,0.9888729069914179
ScKpNnbwMsk,0.07203083212020621,4.417643281900995,26.542499178592312,-0.019542251331318608,0.9806474606525735
Sd305R8DXSe,0.015311687258041327,4.703510736043636,25.9567575307993,-0.07626139619348349,0.926573971991905
Sf1YHtLKsbD,0.1933044901072583,3.8002695083618163,27.796093750000022,0.10173140665573349,1.1070860758389427
Sgs96h15XJw,0.019223638487735405,5.791760957465981,25.781804153154503,-0.07234944496378941,0.9302057832837901
SoDpfpVE8nE,0.23977281396281733,7.144901111287977,27.580366827214828,0.1481997305112925,1.1597445095959595
SowpzyVI9Gq,-0.002855427146958451,4.630861063983952,25.801062353971986,-0.09442851059848327,0.9098927799912612
T0vTinc2Hne,0.14073866827211412,3.966973738670349,27.272336425781273,0.0491655848205893,1.050394265686825
T2Q2gpGxpGN,0.05017465180887157,4.169514350664048,26.38642810639883,-0.04139843164265325,0.959446779826139
TB6mmHQiK3X,0.058780697579173785,3.7929952088917522,26.54005549065423,-0.03279238587235103,0.9677394551167011
TD79d89C6Cq,-0.23527289969461798,4.050660139984554,23.7413275824653,-0.32684598314614277,0.7211948106289974
TF0dYRJAM2x,-0.25464342929468387,2.8324754885756054,23.79703791691709,-0.3462165127462087,0.7073593182170481
TI03gXmBQNR,0.0268595630223023,6.000478702562824,25.812612575954883,-0.06471352042922252,0.937335952518592
TIEi7Dvw6EX,0.06719805092028769,4.217742021878561,26.536179315476215,-0.02437503253123713,0.9759196395053855
TIyPYVvi8HI,0.40873810880009215,12.581678256810267,28.103027800087638,0.31716502534856733,1.3732291708502438
TJAbsowyDnH,0.1585791578278892,4.824952017664909,27.272336425781273,0.06700607437636438,1.0693019734975069
TM3tygMoo5O,0.20596330132169013,7.780470486040467,27.140800871672475,0.11439021787016532,1.1211895477308638
TPtwkUQe0fj,0.4405005583410846,10.41052461111987,28.821926088686364,0.3489274748895598,1.4175463789061415
TXeWDCjAmaR,0.06661957917250755,4.331286292766857,26.508702814690444,-0.02495350427901727,0.9753552608201282
TXeyarrR6dz,0.07608921394714978,4.496840020588467,26.565041387648833,-0.015483869504375039,0.9846353892804751
Tbm7LyYCHoj,0.044852774326487134,3.2543397286423934,26.514562084056735,-0.04672030912503768,0.9543542844505636
TheMkAkfvgn,0.020152607997346382,3.940257098073158,26.150359137704463,-0.07142047545417843,0.9310703175949587
Tmb6j582B0K,0.05816382450822363,6.480450381353063,26.011936343294927,-0.033409258943301184,0.96714266679739
TnyPmr2ilbJ,-0.23146425355265624,4.048330603734307,23.77738143257475,-0.323037337004181,0.7239468238577101
TsvOR4jXcGS,0.22315987109364468,5.264867307963195,27.79049524377896,0.13158678764211987,1.140636896613575
U0gVHa3V4to,0.10992083744839551,5.3950284524839756,26.70670190927936,0.01834775399687069,1.0185171082061075
U5gGiQiNPDU,-0.23770071692171355,3.7462637771680507,23.777798373027935,-0.3292738003732384,0.719446005192641
U906OkQABN0,0.11591938963251182,4.7403397650088905,26.89002294000592,0.024346306180987,1.0246450973864527
UAT6Goixt83,0.21103172581862178,6.476868500219329,27.441555016063106,0.11945864236709697,1.1268866377395619
UBbbVUFBd1z,-0.17516448273302643,3.3589030328251077,24.437641834077404,-0.26673756618455124,0.7658740363397409
ULK7ilo4GSW,0.023326582234251977,5.963648532921415,25.786746849204032,-0.06824650121727284,0.9340302056150593
UTFvkTDUpv7,0.05673063629232238,3.446787681844501,26.588184045862292,-0.034842447159202435,0.965757562119179
UXgVmRTbdTk,0.06902218127428116,6.284276463161004,26.151563869012872,-0.022550902177243662,0.9777014687932313
UgMnJXFhciB,0.382690133586486,11.773761797834325,28.01657850477433,0.2911170501349612,1.3379211786396688
UhzKlsYsxqJ,0.07462795382764051,4.686276738290433,26.514562084056735,-0.01694512962388431,0.9831976315786923
UiaJ1yZd8qc,0.2917884314903477,3.258715561142674,28.821926088686364,0.2002153480388229,1.2216658131719265
UiaPcR9m5R8,-0.047301635990990236,3.768605801665668,25.553198479217254,-0.13887471944251506,0.8703370579402904
UnlrCMozWTD,0.05973065885118976,3.823153642245702,26.543073381696452,-0.03184242460033506,0.9686592069155908
UoopLlc4BoV,-0.04352314069286946,3.8993301743552804,25.56310918898812,-0.13509622414439426,0.8736318431667642
UueUzObAgWG,-0.22273417445695945,4.07980967919851,23.85286676465853,-0.31430725790848424,0.7302946048904024
UvneTMfnITQ,0.02423165608096847,4.903490781784058,26.00126679322432,-0.06734142737055634,0.9348759546011153
UzQWwEu9o0n,0.4320306724897814,11.623118153324834,28.5070660626447,0.34045758903825657,1.4055906262921907
V0VU3pHAYjD,0.0553834464184621,2.9776275055749073,26.666780598958358,-0.036189637033062716,0.9644573793040934
VHP3b9DfdXL,-0.019292488248387953,3.7212897666449685,25.824208794751236,-0.11086557169991276,0.8950590621102987
VNFN8yxKCxF,0.0408784712550813,4.172835867922262,26.298887087264173,-0.050694612196443514,0.9505689183652057
VPI3HUyAl5p,0.10715650562515983,2.991721735646328,27.147986348470074,0.015583422173635009,1.015705476882785
VW9Pm0uz6SX,0.09478103826117133,5.085468990780482,26.625351836302592,0.0032079548096465155,1.0032131058032556
VWSSNFqPvrU,-0.16806934472535368,3.436380706581414,24.488904047947326,-0.2596424281768785,0.7713273414231044
VYeZHC8VzRe,0.07909089113136768,4.500989634616703,26.59229281556375,-0.01248219232015714,0.9875953871197606
VbNveXC0Whc,-0.18960604373330325,3.3070041236476357,24.312737751898386,-0.28117912718482807,0.7548931014924114
VgrSyGCig1y,0.141128554236654,4.40326471304156,27.191180231153375,0.049555470785129174,1.0508038795144017
ViXrYCr9rVi,0.38682275747090394,11.832649575066322,28.04376208118559,0.2952496740193791,1.34346174430958
VjXG6Qosad1,0.27637146273905033,4.312319362605059,28.473031051070624,0.18479837928752552,1.2029758708228542
VlBYwdSCyMp,0.3479409295270754,7.015787699948186,28.61655644955845,0.2563678460755506,1.292227981515981
VlX1os6qq1m,0.04549008891786981,3.1907815853754675,26.53287295386907,-0.046082994533655004,0.9549627022175594
VnAtuwTTbSp,0.048669427772528126,5.232741389955795,26.165701729910737,-0.04290365567899669,0.9580036838354068
VoTuKQleFpZ,-0.04675570436161976,3.8013448774224474,25.551938138149776,-0.13832878781314456,0.8708123321902518
Vpu0rd92FOo,0.12826214595700497,5.434892431720273,26.870397815075574,0.03668906250548015,1.0373704133281616
VsDpACalX6X,0.0587855136003528,4.624465292976017,26.37849004836312,-0.03278756985117202,0.9677441157816357
VwRE5VE8K1T,0.05446550038330979,3.4433177742693157,26.567685275607662,-0.03710758306821503,0.963572465690297
W32oZ4c5Cjr,0.051340320040499994,4.149772494469049,26.401161280218183,-0.04023276341102482,0.9605658285503823
W5fydynAP1n,0.02659361996723011,6.69125672596604,25.675862144356365,-0.0649794634842947,0.9370867076756867
WEo2wpNDGdQ,0.08700658431190862,3.571884124078484,26.846871805636706,-0.004566499139616195,0.9954439114648792
WJ6F5g0zrhb,0.34546040731712474,6.925420566841408,28.610934335214143,0.2538873238655999,1.2890265535556198
WLgLphZYrwO,0.35305293306719393,6.205025496306243,28.821926088686364,0.2614798496156691,1.2988507689660385
WLiZ0Cufz5K,0.10737952188862551,5.3978758816866534,26.682393685567032,0.015806438437100695,1.0159320209835914
WO0zSh6SvAg,0.04777707986096062,6.47441370146615,25.91602027529764,-0.043796003590564195,0.9571491925573176
WOOtE3tcDme,0.022153533414958453,4.738357473302771,26.01393816912618,-0.06941955003656636,0.9329351849670835
WRIfjLPpYeW,0.13273224537746742,4.2269344950715695,27.14696909586591,0.0411591619259426,1.0420179419302147
WSAbC8Iznoo,0.1928678884510948,7.470364652361189,27.078666759672643,0.10129480499956997,1.106602825726292
WXz7vDuwgFJ,0.22069701799779332,8.872825920581818,27.0662053034856,0.1291239345462685,1.1378311320127554
WZVA8zWygji,0.04322129730386566,6.179538190364838,25.930749511718773,-0.048351786147659157,0.9527985467842479
WZZusbXYw23,0.5108505882647558,17.77910208033624,28.04730897707362,0.419277504813231,1.5208623428560326
WaWlpc4MuTm,0.065426092412494,6.109208710767605,26.151977086950254,-0.026146991039030815,0.9741918816069679
Wc5QRs4s5Fu,0.19508362806290966,5.878343357230133,27.40881485849059,0.10351054461138484,1.109057487883624
We7fZoq0H5P,-0.009141479400158272,3.040627082809806,26.05139312744143,-0.10071456285168309,0.9041910857802296
Wj1nm4niSOV,0.04283423292123145,4.833852114500823,26.18868860315396,-0.048738850530293365,0.952429823767339
WlULLs1fRsZ,0.18391623352875,3.629666368166606,27.741497294108097,0.09234315007722518,1.0967411043111268
WmBYR1JepA7,0.05932958565033012,3.780419630281041,26.547630464360978,-0.0322434978011947,0.9682707815656371
Wmgdhea1yvx,0.08353390375092455,4.2864322992834705,26.675526473545816,-0.008039179700600266,0.9919930480850502
WnBiNOdCWyr,0.050332823933663236,5.1944716026385604,26.18868860315396,-0.04124025951786158,0.9595985495644832
WnX9EJ3ytMj,0.43621088038997086,10.204226992748401,28.821926088686364,0.34463779693844604,1.4114785852049163
Wouqb3EvJIq,0.021927660034921886,5.048438043343392,25.95155736019739,-0.06964542341660293,0.9327244835403176
WsHArpcvzeV,0.0781798086579778,6.03076222232569,26.286439015040912,-0.013393274793547016,0.9866960160345833
X1F0PqIqwen,0.5751255167719911,20.66788632015012,28.086629845961106,0.48355243332046627,1.6218256080870757
X48MuXyj94J,0.22131720037468403,7.155195129160978,27.40585339604594,0.1297441169231592,1.1385370136937718
X5iGRMrMEj4,0.1050284651915138,2.750352266975629,27.17500892557126,0.013455381739988989,1.0135463127683964
X7nQ1rYo2IU,0.07573706575749838,4.651850550673728,26.531620753088685,-0.01583601769402644,0.9842887127550113
XFyxbtvstUq,0.4443961364733685,10.291726469993591,28.88143019903276,0.3528230530218437,1.4230793115699563
XNpuEHuZeyU,0.4386765456410123,11.471552346203778,28.598647328969616,0.3471034621894875,1.4149631129792197
XSHxKiVZqCT,0.15709927702386486,4.427324912200371,27.335788981119816,0.06552619357234005,1.0677207043667267
XTlzENDfMsV,-0.181138433686717,3.7738480211418355,24.301149058119183,-0.2727115171382418,0.7613123815273882
XWgbRQl3m3m,0.07709220276744613,5.975323148976978,26.287048225759367,-0.014480880684078684,0.9856234629986056
XXA9poOQ7Y3,0.047994287494748065,6.413108517076369,25.929966322283903,-0.04357879595677675,0.957357115248995
XayRHbpjHQH,0.08515597478506118,4.720626914385454,26.60629550970876,-0.006417108666463639,0.9936034370039303
Xf4IU7nBcUB,0.29416113955752804,12.707821589929086,27.007509132667845,0.20258805610600322,1.2245679110562633
Xin57kAtnrs,0.43529358958413894,13.04722391764323,28.260766601562523,0.3437205061326141,1.4101844425194159
Xis9bRSKPhb,0.24006203998573336,6.0777202138194335,27.79049524377896,0.14848895653420854,1.160079986400041
XkokSKBQhxw,0.5263587929622641,19.002477625141974,27.954486880095132,0.43478570951073925,1.5446320235316837
XlB523FUnZx,0.09559129178759132,2.243178278207779,27.185373535156273,0.004018208336066503,1.0040262921590508
XuYbrt7ZpbP,0.0904835080262202,2.5090875196200546,27.085944850470455,-0.0010895754253046203,0.9989110179464717
XvewJZGaJML,0.025861051142177065,5.952458635524469,25.812612575954883,-0.06571203230934775,0.9364004785529921
Xxs1OqiHNGz,0.4349875710203214,10.183853109306265,28.814451299649555,0.34341448756879656,1.4097529659248893
Y1aYqt3u0yB,0.43184312595813795,11.614098734325832,28.5070660626447,0.34027004250661314,1.4053270373636864
Y1yc0J6g9Vo,0.02575698518594273,5.947453933733479,25.812612575954883,-0.06581609826558209,0.9363030362120763
Y7oDsYXsCkm,0.06703873265545197,6.186763213740454,26.151977086950254,-0.024534350796072843,0.9757641700666899
Y8p37aLjrHn,0.03630225398545611,4.801488823485823,26.133921727594362,-0.055270829466068705,0.9462288465947684
YAl9uiQMNim,0.09134301692746095,4.812891667964413,26.646195235906884,-2.3006652406386274e-4,0.9997699599392094
YEDX237HMhT,0.4797540234319806,17.844386770175053,27.743946721003628,0.3881809399804558,1.4742965193392916
YMFKcVl5S33,0.03055538773561152,4.2433423962858,26.18868860315396,-0.0610176957159133,0.9408065913825371
YMjLbcXtcwC,0.4073564265366501,11.619487494565128,28.277130881320247,0.3157833430851253,1.3713331146364973
YMjS1Vsg5VM,0.5700554725155101,20.865493480975807,28.00082960862382,0.4784823890639853,1.6136236900908174
YNjhBZ8A9qg,0.10502105929736213,5.400883200267951,26.659763590494816,0.013447975845837318,1.013538806579481
YOiuGbTcxMn,0.3330062004559961,7.438302642894241,28.39483204967573,0.2414331170044713,1.2730723051807287
YQ9XN4vE4T6,0.052561504914827833,4.062029730705988,26.42963053385419,-0.039011578536696984,0.9617395735449547
YUIdcF7wZyr,0.04086466397397641,4.123990529949225,26.308251953125023,-0.05070841947754841,0.9505557936835486
YV0q62XBjNy,0.3019608660579377,10.230319539705913,27.561961534288216,0.2103877826064129,1.2341565516196837
YWIIRPr9k5a,0.21024502366273695,8.370172443298193,27.0662053034856,0.11867194021121213,1.1260004622160162
YXrOBuUTzd8,0.3831650448727885,7.653166130737022,28.821926088686364,0.2915919614212637,1.338556723409335
YYoevSWHRNv,0.36919118702778203,6.981140485516301,28.821926088686364,0.2776181035762572,1.3199820045335973
YbZ5adcfIMe,0.07166740316958925,4.256338389120369,26.570454420998853,-0.019905680281935567,0.980291129729432
YejDF4MAJPS,0.017838640658333446,4.53084723375462,26.01393816912618,-0.07373444279319137,0.9289183420505012
Yh1c80ZrFt6,0.07266356531872628,4.20995784247363,26.588780834056735,-0.018909518132798536,0.9812681452001246
Yhh1L1chzVR,0.08277671843657937,2.0445848943098732,27.104190196161706,-0.008796365014945448,0.9912422098148367
Yi5hM7RNBj5,0.056841755647211424,5.266003796347864,26.23562689887155,-0.03473132780431339,0.9658648824390328
YlfLdGDf6Sc,0.051533965734193096,4.159085232131886,26.401161280218183,-0.04003911771733172,0.9607518559977155
YsdwVo7dqmH,0.3831650448727885,7.653166130737022,28.821926088686364,0.2915919614212637,1.338556723409335
Yw0OMGxtl0i,0.30138859747823915,12.369628822361982,27.140800871672475,0.20981551402671433,1.2334504846520022
YxrZbfqDA6r,0.06757884498685746,6.0909445380220335,26.17564975247527,-0.02399423846466736,0.9762913346787249
Z0mzcQCqySd,0.21743207671996734,9.017795647735948,27.007509132667845,0.12585899326844252,1.13412223813769
Z83feUPlsL9,0.11129265950102663,2.838948977887629,27.21634277343752,0.019719576049501808,1.019915291246021
ZF4O3XPIQXl,0.0294908415921667,2.99563315478,26.42125150240387,-0.062082241859358116,0.9398055922533671
ZFjvI9ioNCc,0.14942163448641888,4.438031707147156,27.261941682449518,0.05784855103489406,1.0595545151234962
ZGFEwIIBFJP,0.07030439090046646,4.437410640495794,26.522519259982662,-0.021268692551058357,0.9789558910723519
ZGaxG49lDHT,-0.045651677777987086,3.8763049600216055,25.547688176081753,-0.1372247612295119,0.8717742630552622
ZHTJkttTJKp,0.10684809682365998,3.2960873207738324,27.085944850470455,0.01527501337213516,1.0153922726739324
ZLHiHlvt7p3,0.025756985185942733,5.947453933733479,25.812612575954883,-0.06581609826558209,0.9363030362120763
ZM4rFTEhjVx,-0.09018332905768567,4.292313861846924,25.050573087993445,-0.18175641250921049,0.8338044200073859
ZMYLR5YO0NU,0.19025862611120423,4.52511864049094,27.62673588966839,0.09868554265967941,1.103719172387989
ZQuYchyRjS6,0.3531003569675037,9.957331601311179,28.09304438572306,0.2615272735159789,1.298912366996021
ZTbfXbiLDFm,-0.007439629153037398,4.494443463829329,25.784726931014173,-0.09901271260456221,0.9057311937478547
ZX5EkF6eC0x,-0.23254470553911494,3.8729655288514646,23.801367187500023,-0.32411778899063975,0.7231650564808916
ZZpw2mPLSs3,0.39494981909960514,11.918576886720748,28.103027800087638,0.3033767356480803,1.3544246283779318
Zald93x3Rji,0.049355409299971974,4.169987200555347,26.378678385416688,-0.04221767415155284,0.9586610821215019
ZboIy43ZwzX,0.0036758868417003186,3.206055868909042,26.139048680719362,-0.0878971966098245,0.9158550248853351
ZbqPVrVLRYd,0.10502105929736212,5.400883200267951,26.659763590494816,0.013447975845837304,1.013538806579481
ZedvMKlTMB4,0.10286506808942596,3.1045369640473393,27.085944850470455,0.01129198463790114,1.0113559797468592
Zez37Y3eYgQ,0.155986911339367,4.404085357578434,27.32990822305487,0.0644138278878422,1.0665336688257612
Zh2exQ28khL,0.04621512218565779,6.323516118305699,25.930749511718773,-0.045357961265867025,0.9556553330060044
ZhyvUqoYNj4,0.10876369610455124,3.2841765474765854,27.10616584940162,0.01719061265302642,1.0173392215728805
Zmgnljl5frE,0.24340170715673737,7.414113952053913,27.561961534288216,0.15182862370521255,1.163960744058874
Zn4vAs1w6sH,0.07367179746473868,4.275981993045447,26.585372291421013,-0.017901285986786142,0.9822579902008972
Znyo1UWzmFH,0.09478103826117132,5.085468990780482,26.625351836302592,0.0032079548096465016,1.0032131058032556
ZpdAbOChH4T,0.04192020380153912,4.931517514417756,26.16116183298941,-0.049652879649985694,0.9515596729061456
Zqct2rql16g,0.06968207014381506,4.407482218963129,26.522519259982662,-0.02189101330770976,0.9783468560287218
Zqtyg2IjxOz,0.13187715681822235,5.980757122790372,26.79809072989007,0.04030407336669753,1.0411273051504701
Zr7KEyJpxPU,-0.03248473192119709,3.7527515632765636,25.69478004092264,-0.1240578153727219,0.8833287694243672
ZsJbgjr03m0,0.02023966708641492,5.682117095700018,25.812612575954883,-0.0713334163651099,0.9311513792571934
ZwcmB7OrhzA,0.10133258417595976,2.9476036507832384,27.102122738486866,0.009759500724434947,1.0098072799589595
a2vanaGCGCj,-0.22882685388313803,3.9875714302062994,23.813843936011928,-0.3203999373346629,0.7258586810292171
a4vluahlU3y,0.11431008479939758,5.094967102267079,26.806052170586362,0.022737001347872765,1.0229974572122464
a8h3CeQMtYZ,0.1481829914251344,5.10616692076338,27.12050002077795,0.0566099079736096,1.0582429177434745
aBu4wg3ASTo,0.47330229056893397,14.953252582550048,28.245581054687523,0.38172920711740915,1.464815369845082
aDctPRwaEEp,-0.17463975821024216,1.3840813497895177,24.826387097997596,-0.26621284166176695,0.766276014682696
aGTd5fx9Ce3,0.20593003047902528,7.7788704368803225,27.140800871672475,0.11435694702750046,1.1211522454303668
aHy9v59SapG,0.11709128951493387,3.0700459874445385,27.22562741515459,0.025518206063409057,1.0258465827283647
aI4Wd3KVke2,0.38847740932969604,12.25887308833755,27.976384984667078,0.2969043258781712,1.345686545910468
aIj8xC20aOy,-0.18119028111131755,3.7553747103327786,24.304255022321453,-0.27276336456284234,0.7612729104643349
aVRScNMdRNj,0.10193488817108327,5.7261981577784935,26.567685275607662,0.010361804719558457,1.0104156741187078
aXFLht6ED5E,0.5128838076195728,18.55493120389564,27.915518673335303,0.42131072416804793,1.5239577353471438
aXyPDiwEUN2,0.12479105514554636,3.8662251611550653,27.142849392361136,0.03321797169402155,1.0337758485578354
aaeE5BZH5Jr,0.08000772658188683,6.002391702723951,26.309039652122664,-0.011565356869637985,0.9885012647883656
arJ3Eiz4O0J,0.36810944991163974,11.422440900252418,27.948571777343773,0.2765363664601149,1.318554903020152
aslJoi0k0yj,0.016833480444023715,4.482507437467575,26.01393816912618,-0.0747396030075011,0.9279850993984964
atGRZCiyhql,0.09852563938616044,4.089224320537639,26.85399146889743,0.006952555934635618,1.0069767810612877
avfT0N2l7uV,0.4166538531667242,11.305618074205187,28.42504385489007,0.3250807697151994,1.3841424382565088
azPR4cEsOd0,-0.2226576834440543,4.201415461585635,23.82994559151788,-0.3142307668955791,0.7303504680009354
b1UxUu2X6po,0.3678310906896932,6.915731231371561,28.821926088686364,0.2762580072381684,1.3181879221818733
b7KxhPW5lEd,0.365051805014713,6.782070844261734,28.821926088686364,0.2734787215631882,1.3145293877839503
b912DLTCXvT,0.35299409101970397,11.52627155713946,27.787100704585303,0.26142100756817915,1.2987743441759263
bBLoeoZ1dJi,0.11423171732579142,5.393132948875428,26.747365993923633,0.0226586338742666,1.0229172906272865
bBtdRxFUODU,0.37769083530127023,10.886183521964334,28.14236394708809,0.2861177518497454,1.331249203079572
bFK2ntmgx0R,0.0652785517447011,3.6009803375472194,26.638115128226925,-0.02629453170682372,0.9740481592889013
bJD2DzCZmHZ,0.42288711628561626,11.605385877467969,28.42504385489007,0.33131403283409144,1.3927971076619439
bJwS96WCu9W,0.06729615665779368,3.1761595177873283,26.739545761536238,-0.02427692679373114,0.9760153875180037
bMNSr19waCV,-0.21626986684041544,2.7169407319564085,24.17818838266228,-0.30784295029194025,0.7350307453088853
bMXul9LAf7c,0.04571228058533526,6.348279280482597,25.921236088590824,-0.04586080286618956,0.9551749105473207
bPPIFtglWs1,0.08665960770600062,3.557292653704588,26.84646456736441,-0.004913475745524198,0.9950985756302999
bPsul0k4h22,0.14480443775724317,7.08859608723567,26.70360013521637,0.05323135430571835,1.0546736201790834
bW11GFyMMEu,0.013901971713146636,4.480395315753089,25.986946614583356,-0.07767111173837818,0.9252686865168714
bXb1XZ1pIJA,0.4322148277657033,13.073556488210505,28.2268698952415,0.3406417443141785,1.4058494970572857
bc2zEJW3MX4,0.054673434853420695,3.8950918039610216,26.481818904433162,-0.03689964859810412,0.9637728464526756
bdLWzFcgakF,0.3390532818912892,7.654334513940544,28.409367242260537,0.24748019843976438,1.280794000413071
blutZXklD2L,0.2679576907603462,3.977065950910622,28.45954612660633,0.17638460730882138,1.1928967672490287
bsepDjeaBv8,0.0591496174047432,5.618894656499225,26.188609095982166,-0.03242346604678162,0.9680965392513378
bvm5EsZxNtD,0.03329067240829383,2.606017362434887,26.53249867263352,-0.05828241104323099,0.9433834878980272
bvuHUafZNzZ,0.051340320040499994,4.149772494469049,26.401161280218183,-0.04023276341102482,0.9605658285503823
bxhU80vctMW,0.09430159221092808,3.8860829933634347,26.85399146889743,0.002728508759403267,1.0027322345272545
c0ECEIduTTs,0.11770283309281658,4.826108473651814,26.89002294000592,0.026129749641291763,1.0264741244829325
cAfsbvemY8b,0.42426669180172655,12.651594303272388,28.234590808256197,0.33269360835020173,1.3947199024659407
cHSU5jDLVwJ,0.09321053147870613,4.7080973328328595,26.68402027803311,0.0016374480271813124,1.0016387893772325
cJG4IedMdn9,0.08947088580790194,2.408729082659671,27.09598581414476,-0.0021021976436228773,0.997900010426306
cK7LsgeHgAt,0.07850895781165824,5.963337346359534,26.302620894820624,-0.013064125639866572,0.987020839647977
cQ5NvdU2WjS,-0.1411586848337029,3.297086679489812,24.76752382082362,-0.2327317682852277,0.7923660827352843
cTEZx2WJiyZ,0.15872477171505744,4.831954827308655,27.272336425781273,0.06715168826353263,1.0694576900513957
cVvkqpUZT3G,0.37959016401712004,11.34782154760628,28.0703905337325,0.2880170805655952,1.3337800856470658
cYVQcfoAekA,0.10926385811219005,5.375276280909168,26.70440001195793,0.017690774660665237,1.0178481832714343
cbKrVz8kdCh,0.04457767404021616,4.84837472550223,26.202162583966143,-0.046995409411308656,0.954091777423242
cdJAlvKwfIn,0.48028536886600515,17.62803102208075,27.79096588419979,0.38871228541448033,1.4750800882176784
cddFSLfqj6u,0.07115454172559932,3.458033374062292,26.720824743200254,-0.0204185417259255,0.979788505104521
cibNO1oLXmc,0.045920185921091386,5.8884284472933,26.012559359681394,-0.04565289753043343,0.955373517152775
cjNTIei86Em,0.09088985988185663,4.956404447555542,26.614065212673633,-6.832235696681843e-4,0.9993170097744098
cp2lO2PyVj4,0.0670882519577656,4.323680161877913,26.514562084056735,-0.024484831493759213,0.9758124904239995
cpPruDzxIB5,-0.2097495353840763,4.290095059408082,23.933367241753494,-0.30132261883560113,0.7398390482279935
cuLe5TFhhUn,0.07502761743931213,4.705497214087732,26.514562084056735,-0.016545466012212684,0.9835906584291498
cuqBjAEMmlu,0.07277994661411928,3.5362017496868425,26.720824743200254,-0.018793136837405536,0.9813823531036938
cv5JI5HiAC0,0.1935127269601105,6.766630942821503,27.221477050781274,0.10193964350858567,1.1073166359639361
cyXubjvDs2H,0.051355489142122256,4.150502001339535,26.401161280218183,-0.04021759430940256,0.9605803995815649
d0n2W7psb6s,0.04403139455808284,3.0201092261188434,26.55241100383257,-0.04754168889344198,0.9535707189958855
d1jHXIQ9SpC,0.047396455468398456,4.093250059856559,26.375282373968183,-0.04417662798312636,0.9567849475519735
d2YnaWVhMbA,0.04495286838817996,6.440479826693442,25.89621677772674,-0.04662021506334486,0.9544498144281002
d5PrUkBURqm,0.036557303585066876,5.727667836697545,25.956287023523373,-0.05501577986645794,0.9464702126620835
dGKlubfQOgz,0.13160732550013643,5.967780494027669,26.79809072989007,0.04003424204861161,1.0408464142957052
dID3EH0LwpI,0.21115812917671933,8.406797758583885,27.067621738470898,0.11958504572519452,1.1270290889977364
dJC9UGMhRlN,0.03915394658946123,6.983233813728605,25.7365182059152,-0.052419136862063585,0.9489310514959366
dJTuqKzvMEM,0.03915581730793245,4.694887824778289,26.181314950619125,-0.052417266143592364,0.948932826680443
dMjBTnC6JS4,0.08756623225628495,4.215009565154712,26.727100626627628,-0.004006851195239872,0.9960011655221717
dN9GLpducjl,0.09865019747465172,6.002742568651836,26.483230703848402,0.007077114023126899,1.0071022159760963
dQYFuX2PySL,-0.2285781242519213,3.9623351097106934,23.821074030949543,-0.32015120770344613,0.7260392460462691
dSY2oZjJcwj,0.028747433633980815,4.353596299608176,26.150359137704463,-0.062825649817544,0.9391071929269116
dXJRMlK14gc,0.07901719546630057,4.2158957413264675,26.647016834077405,-0.012555887985224251,0.9875226083026641
ddQFinM2Typ,-0.048908660416897336,3.262278675454335,25.636590279884732,-0.14048174386842216,0.8689395282623357
deiRbfigHA5,0.06927618863086973,6.294366125707274,26.151977086950254,-0.022296894820655083,0.9779498437020437
dg6gc4wWpvL,0.05925456618997722,3.673631770191369,26.567685275607662,-0.032318517261547594,0.9681981451387354
dgDMGTEiAaY,0.06631985318875899,6.280685758590698,26.127001953125024,-0.025253230262765824,0.9750629653115422
dhu4hBvGB1g,0.100377481867886,2.791876628838088,27.12346319901318,0.008804398416361187,1.0088432711319713
diOhECeojSf,0.01915834079890851,4.659506764367363,26.00126679322432,-0.0724147426526163,0.9301450449790652
diPDcXKkIZd,0.25568155059641606,3.274893725172002,28.48127493351066,0.16410846714489125,1.178342119566718
diSP8NlOblg,0.08312620184126747,4.498415112495422,26.630513014748853,-0.008446881610257348,0.9915886930587386
dlOV1kfIIaz,0.2070692452555451,7.3608440613746655,27.23270019531252,0.11549616180402028,1.1224302064329057
drankNyOUlJ,0.11774834064749272,5.096045758413232,26.837981381623663,0.026175257195967902,1.026520837873174
dsZmWHX7llB,0.05173872969727381,3.3121829187428515,26.567685275607662,-0.039834353754251005,0.9609486034979983
dzT1q6F1xgc,0.4094895200579659,12.886879631967256,28.050730449021486,0.3179164366064411,1.3742614184815378
e3roiHyaMrw,0.08269110946890233,4.307835590492174,26.663488413986673,-0.008881973982622485,0.9911573542247881
e5IF9XrJzJG,0.08293024618733306,4.383159970724455,26.65108314432126,-0.008642837264191752,0.9913944046845308
e73nmklj8GZ,0.07626025935698848,4.505065873691015,26.565041387648833,-0.01531282409453634,0.984803821048506
eA3Pis9jmIj,0.010021975073896875,4.421046800840468,25.962214006696453,-0.08155110837762794,0.9216856027942729
eABxoV4032N,-0.17682770471704873,3.8240426205453417,24.331687127976213,-0.26840078816857355,0.7646012765399522
eAcZv0Wiqng,0.4790193358561406,17.85346106186654,27.735315533980604,0.3874462524046158,1.473213769793451
eBEkcVDXn1K,0.04659100900221267,6.516679061269296,25.896718560376236,-0.04498207444931215,0.956014618768012
eC4MwqpQztG,0.05669692857311694,5.259038825829822,26.23562689887155,-0.034876154878407874,0.9657250091831002
eGUS6BBTnth,-0.2190234050316563,4.2906128325552295,23.84657972803658,-0.3105964884831811,0.7330095940156052
eHk9mLUogOz,0.0883595433316619,5.013697126397378,26.579277434172475,-0.003213540119862912,0.9967916177736762
eQSREv9e1bq,0.03483646338067312,4.432749538728505,26.191891147122547,-0.056736620070851694,0.9448428892512305
eQVz3ciMbLP,0.12477793958208654,5.639344171793372,26.79809072989007,0.03320485613056172,1.033762290094004
eTt1Fe4jBYf,0.07427798508387136,4.287597925574691,26.588780834056735,-0.017295098367653458,0.9828536033417682
eaebH4589KN,0.14831805533254544,4.331478840708733,27.272336425781273,0.05674497188102062,1.0583858578197403
ebXSuMhEvwJ,0.2542526679895268,3.5761344989883566,28.409367242260537,0.16267958453800196,1.1766596093481636
edPYMsLe7ly,0.25102333548778377,3.5029622532072517,28.393403552827404,0.15945025203625895,1.1728659130784478
ewTyqIbrBKh,0.5599225582865379,20.139475867012955,28.047226836302592,0.4683494748350131,1.5973555407178235
exBKoLvfSBd,0.03590340093794657,4.500537085312382,26.18868860315396,-0.05566968251357825,0.9458515155904753
ezhzYdoewBC,-0.22679132157195758,4.030325213693222,23.824561007517712,-0.3183644050234824,0.7273376946070884
f18gQXpLEz0,0.07952622839624783,3.248046711639122,26.839893030237292,-0.012046855055276987,0.9880254177917943
f5Imavc3gzA,0.4229124253285051,11.623118153324834,28.421833857783586,0.3313393418769803,1.3928323584697573
f8hqtMpZlcO,0.1306482498420305,5.958886234806133,26.790854586087764,0.03907516639050568,1.0398486423817863
f9scJgu3hhk,0.07133441391482093,4.149107197920481,26.588184045862292,-0.02023866953670389,0.9799647576588995
fC2wmi9RJ6k,0.2573045624314002,8.804552131228979,27.42166205512155,0.1657314789798754,1.1802561355876091
fCnxJCWliZ6,0.3454935913101648,6.92701643926126,28.610934335214143,0.25392050785864,1.289069329313533
fPLXWc0hygR,0.20586401868850557,4.469926525045325,27.783333785445624,0.11429093523698075,1.121078238605889
fQ0DQjiHlKu,0.3682289855435736,6.934866644718029,28.821926088686364,0.27665590209204877,1.3187125267343613
fWBYJmo6Icg,0.11277625449143305,3.052445089563411,27.188713950299224,0.021203171039908236,1.0214295554624073
fWUmvKWL526,0.5067479842926409,17.78235683991359,28.00832754281853,0.4151749008411161,1.5146356285722382
fZf9JUuFV26,0.08624887532603501,4.4789343609393235,26.663488413986673,-0.00532420812548981,0.9946899403496463
faYkGHlQKxz,0.12170193643457354,5.0813195462129555,26.877799645248746,0.030128852983048723,1.0305873196488455
fhdEezcpVCM,0.054008939544259386,4.096678339518032,26.436425781250023,-0.03756414390726543,0.9631326366488737
fkUGLFGeBUq,0.051340320040499994,4.149772494469049,26.401161280218183,-0.04023276341102482,0.9605658285503823
fm0RoQ799v5,0.08624887532603501,4.4789343609393235,26.663488413986673,-0.00532420812548981,0.9946899403496463
fp4AZf85Gff,0.3618431805848628,11.152173748383156,27.942529296875023,0.270270097133338,1.310318316163033
fpLYqeDqVnV,0.28974982684308576,7.603465143239723,27.958393831073135,0.19817674339156094,1.2191778564095455
fpgSA2sn7hf,0.026743887676587464,5.994915686271808,25.812612575954883,-0.06482919577493736,0.9372275321291375
fpmLyThAqoZ,0.3826941275675381,11.773953874905903,28.01657850477433,0.2911210441160133,1.3379265222821768
fvxllXK4bQR,0.05954949844773635,3.8144413425808863,26.543073381696452,-0.03202358500378847,0.968483740117155
g25ywvaRKhZ,-0.17615271265021565,3.810900164712772,24.34055103264235,-0.26772579610174047,0.7651175505567381
g2kNP8wfetm,0.10992083744839551,5.3950284524839756,26.70670190927936,0.01834775399687069,1.0185171082061075
g7jwS8qrxXy,-0.18671175212198676,3.5262674834126635,24.29717435747666,-0.2782848355735116,0.7570811471571838
gD4XV1KJK8y,0.04763700790043392,6.391896924486868,25.930749511718773,-0.0439360755510909,0.9570151321826685
gFaFHUcEdx1,0.09615166649761844,3.942587610685601,26.860302273732334,0.004578583046093626,1.004589080772905
gGzLr4oo3Pm,0.032724728881870745,4.544870923612718,26.150359137704463,-0.05884835456965407,0.9428497371707476
gPldpa1yTih,0.43621088038997086,10.204226992748401,28.821926088686364,0.34463779693844604,1.4114785852049163
gQ0646fVusS,0.04747832711769751,6.384265706495004,25.930749511718773,-0.044094756333827305,0.9568632843203906
gWfavU2omak,0.08632281483847784,4.482490232847269,26.663488413986673,-0.005250268613046977,0.9947634899579452
gaP3xP1t9Lc,0.43184312595813795,11.614098734325832,28.5070660626447,0.34027004250661314,1.4053270373636864
goJ63rfetR8,0.08225055407982933,5.636296130576223,26.401161280218183,-0.00932252937169549,0.9907207906832365
gogq3y6zfUA,0.07335486101279541,4.365340522357395,26.565041387648833,-0.018218222438729406,0.9819467261666548
gsKKDcR7Gj5,0.12371645863150785,3.161559207148331,27.269768577398278,0.03214337517998303,1.0326655533012277
gsXssLfwuu9,0.07705398694159246,6.064123049523065,26.269431223452692,-0.014519096509932355,0.9855857973037038
gvwcy73fsa5,0.33570652531564454,10.677419715457493,27.79049524377896,0.24413344186411973,1.2765146596204395
gw20Ul3vFn1,0.1391765191211099,5.535995355586417,26.952768101643063,0.04760343566958508,1.0487546741531497
h0z1bKoHDrU,0.0035555371179670724,3.1509656072766705,26.148631456163216,-0.08801754633355774,0.9157448086184921
h2WfeP5XnvP,0.11770283309281658,4.826108473651814,26.89002294000592,0.026129749641291763,1.0264741244829325
h2tDNuaLYy0,0.09350556594935923,1.989903007463743,27.215105741767495,0.0019324824978344118,1.0019343509455236
h81POzIVmiY,0.4492491732490693,14.822318090456669,28.046195513288573,0.3576760897975445,1.430002353103728
hACZXaaf7RI,0.10139217728934183,2.76011049230488,27.13912228954084,0.009819093837817011,1.0098674593118078
hF26IWC32Jk,0.08530589025939904,4.4827435846422246,26.65393353630517,-0.006267193192125778,0.9937524047004949
hFJojaMVMHk,-0.23470619996774997,4.107477503664354,23.735581341911786,-0.3262792834192748,0.721603627358423
hGMyftuGuAQ,0.12885430008217158,5.950890929899482,26.775639785338807,0.03728121663064676,1.0379848784088008
hKScCcym0Ia,0.2088237405015452,7.502962589263916,27.221477050781274,0.11725065705002038,1.12440123346723
hR20OrmCv5Q,0.45460630276382463,14.946372841889003,28.07215875589625,0.3630332193122998,1.4376836173090317
hTP0Q3ijH7o,0.094292793075474,2.1013808300620633,27.200796669407918,0.0027197096239491847,1.0027234113893166
hVmE01gCHfg,0.15992603245902529,5.1513919520378115,27.221477050781274,0.06835294900750047,1.070743159529219
hXJmY4OkPOY,0.03854865012272,4.627751438706011,26.18868860315396,-0.05302443332880482,0.9483568406847045
hXgHWLkPBm1,0.02586105114217706,5.952458635524469,25.812612575954883,-0.06571203230934776,0.9364004785529921
he11ONbOdjT,0.14008861379449583,6.5748700058978535,26.75937075407611,0.048515530342971014,1.0497116740760541
hhSlcQsxhOL,0.11890119849820228,3.1552605011114263,27.22598251714941,0.027328115046677467,1.0277049529070408
hjhx4NuFgwT,0.0424965580248413,2.762247611527089,26.588184045862292,-0.04907652542668352,0.952108266419257
hnf3wfsrWO5,0.37198795416811187,11.040496431215844,28.059063289141438,0.28041487071658705,1.323678854033605
huqePBYv10s,0.10599663350534454,5.380298954745133,26.672883605957054,0.01442355005381972,1.014528071370116
hxVhVdcWMD5,0.0809240267278085,4.7467234045545625,26.561665358498853,-0.010649056723716313,0.9894074437440868
hzPWgcl7y53,0.4531401486198123,15.00371278780643,28.04730897707362,0.36156706516828746,1.4355772959889153
i1qayRnMeoB,0.061415014681900804,4.0099060204294,26.522519259982662,-0.030158068769624014,0.9702921485400422
i42Hr1xLxTv,0.07458704872045546,4.334672746257247,26.582519987587638,-0.016986034731069355,0.9831574145967341
i42yteoIBaa,0.06732211001223973,4.061613128141121,26.567685275607662,-0.02425097343928509,0.9760407187200141
i54G1iGdPRY,0.09182344110852707,5.080113919576009,26.59874674479169,2.503576570022509e-4,1.000250388999096
i5T4N0sXnaP,0.1585791578278892,4.824952017664909,27.272336425781273,0.06700607437636438,1.0693019734975069
i5TjySMEBvo,0.10717554355660724,2.964533480531291,27.153448807565812,0.015602460105082427,1.0157248139980932
i6FdSDDa5jw,0.48007762458422315,17.78784558432443,27.757961309523832,0.38850454113269833,1.4747736805924987
i6PtJ5gKNyv,0.10690402442988937,5.965172035826578,26.567685275607662,0.015330940978364557,1.0154490627211779
i6pjLsoL06F,0.26503892208433516,3.8366975984840748,28.45954612660633,0.17346583863281034,1.1894200538603719
i70L6fEmP5r,0.04225032303396962,3.8457641466608585,26.375282373968183,-0.0493227604175552,0.9518738529105549
i8BEWzW59K9,0.4233609656808081,12.553805987040203,28.24513142903648,0.3317878822292833,1.3934572401183651
i9GvqPch0ob,0.24076580659450275,6.111565499394028,27.79049524377896,0.14919272314297793,1.1608966993119
iCgixYaGkMw,0.27370458365489264,4.7501380664330934,28.36300500940396,0.18213150020336782,1.1997719537628275
iGBe5nF3hEV,0.0368986767500178,6.55341591934363,25.798979695638042,-0.054674406701507014,0.9467933673491427
iGFKJjjgnAO,0.07350561440766144,3.5711002990051557,26.720824743200254,-0.018067469043863374,0.9820947691279112
iL8c2b99BQJ,0.047362238685421804,6.378682824196639,25.930749511718773,-0.044210844766103014,0.9567522100091578
iLuN0pwcg1T,0.15872477171505744,4.831954827308655,27.272336425781273,0.06715168826353263,1.0694576900513957
iR29NpmtQOQ,0.35949180033487155,10.913089288984025,27.967020089285736,0.26791871688334673,1.3072408790835162
iR5W8uL7ISB,0.04700915341803535,6.361702377045596,25.930749511718773,-0.04456393003348947,0.9564144545310147
iVtmW0bK6fN,-0.21026575481614604,2.8989577390826664,24.198933293269253,-0.3018388382676709,0.7394572274948144
ibkU2EzuSf1,0.10429121416455894,2.7154554814721146,27.174900309244816,0.012718130713034126,1.0127993500917754
ibuqOKTk5Bj,0.40835331015306975,12.58200424285162,28.09936755952383,0.31678022670154493,1.3727008557772304
icOHoAn67cy,0.15983081297306906,4.885146157741547,27.272336425781273,0.06825772952154424,1.070641208769904
ifAOVtr20Md,-0.1813415114202048,1.5864487457019028,24.724409337197603,-0.27291459487172964,0.7611577916318855
ij6CPboSzkL,0.1031108967176157,5.991420414960272,26.52712744596965,0.01153781326609088,1.0116046305614639
ijZeORc5tDP,0.11353866954366075,3.0269464608870065,27.200796669407918,0.021965586092135933,1.0222086056723483
ijdaWLUEl5S,0.06376503931709329,3.8995148029464937,26.565942382812523,-0.027808044134431525,0.9725750403678348
ikcXrAr1lF7,0.05573373923685945,3.0558457988323546,26.654851871905965,-0.035839344214665364,0.9647952809765233
ikqJ7QUTUQy,0.46638496376988914,15.472700123835093,28.07995827414775,0.3748118803183643,1.4547177278402426
iu2RQ0tnrRc,0.13242374040699645,4.395755944099832,27.111272024601085,0.04085065695547163,1.0416965237979041
ivXKCx1G7Rf,0.38372866844392456,11.757255031948997,28.02949451264883,0.29215558499239974,1.3393113781805819
ivo3aOEgPZj,-0.20185087705876717,3.2345111508060382,24.21237024377896,-0.29342396051029196,0.745705923806236
ixOxTCO6M7k,0.057054459788471616,5.276233085879571,26.23562689887155,-0.0345186236630532,0.9660703477503121
j76LekNiH8m,0.05513077152943875,4.465205950557062,26.375282373968183,-0.036442311922086065,0.9642137159279146
jARa1WaK865,0.1070613514918343,5.371451119786685,26.684555714400798,0.015488268040309477,1.0156088329065278
jCeEUZLbNPz,0.0861019327229527,3.564283071844667,26.839893030237292,-0.005471150728572113,0.9945437887587621
jCfsk2N38w9,0.3462211322692527,6.962005072169834,28.610934335214143,0.2546480488177279,1.290007521294876
jH5EfhowJ4K,0.2642487081136128,6.0777202138194335,28.01657850477433,0.17267562466208797,1.1884805287785665
jJj3mKFfDx3,0.09914527208716609,2.602683498964206,27.148718127575574,0.007572188635641269,1.0076009301556115
jLabb0TD8BR,-0.11923035583937192,4.45267927536258,24.747888183593773,-0.21080343929089673,0.8099332522903618
jOl78f79gQu,0.25382573663420765,8.830817511448496,27.384038837139446,0.16225265318268284,1.1761573636862348
jYjAgoFgPkJ,0.3466190271231331,6.981140485516301,28.610934335214143,0.25504594367160827,1.29052091077981
jc983O0ACJv,0.40142399395645345,12.383356861039704,28.073206763174042,0.30985091050492863,1.363221856922478
jcj1zEAX35z,0.13124548306390058,5.950378900324857,26.79809072989007,0.03967239961237576,1.040469860024175
jcoNsu0eDR0,0.11265579585410616,3.0352477466547363,27.190930569556475,0.021082712402581347,1.0213065228603493
jhGPwmz9jIL,0.013481708455867067,4.478680931172284,25.983351451945776,-0.07809137499565776,0.924879911784407
jhMynEYfQcG,0.0844058433434397,4.656259586510152,26.611794599514585,-0.007167240108085116,0.9928583833043699
jmRcU8eA0YT,0.5530123011853126,19.561079550762564,28.09505490672834,0.4614392177337878,1.5863554537366447
jqecqcAAEWV,0.05496420749231837,6.331978825231393,26.01088612874351,-0.03660887595920645,0.9640531259733697
js3fun1AwWU,0.4531401486198123,15.00371278780643,28.04730897707362,0.36156706516828746,1.4355772959889153
jsSGzxr6vZ3,0.4189765613336056,10.204226992748401,28.660829445167845,0.3274034778820808,1.3873611338001228
juqgNsn3LFP,0.3655410669286692,6.821952654936603,28.81874771831194,0.2739679834771444,1.3151726943080269
k4XdAEU5aEm,0.051340320040499994,4.149772494469049,26.401161280218183,-0.04023276341102482,0.9605658285503823
k58KqJfmgTM,-1.8058223703769572e-4,4.6107057608090924,25.82998281625603,-0.09175366568856251,0.9123298600148753
k6iVb1VW4cN,0.5595339046182084,20.118336332411996,28.047702752976214,0.4679608211666836,1.5967348432532835
k6saZBY5lfC,-0.21701444432084185,2.6066922307014466,24.19265718005955,-0.30858752777236664,0.7344836616668622
k75aV4AVWxe,0.1004875077258613,5.929904917875927,26.514562084056735,0.008914424274336488,1.0089542760850356
k7upWleH3nj,0.08083219218604466,1.9932801980721326,27.09598581414476,-0.010740891265480154,0.9893165861368701
kDLXGfPLH2d,0.07416304394788306,4.683368948041176,26.510781548947726,-0.017410039503641755,0.982740639524309
kEaypQpPE0R,0.2573045624314002,8.804552131228979,27.42166205512155,0.1657314789798754,1.1802561355876091
kH16MCojaeP,0.045438180108817665,6.286151704964814,25.930749511718773,-0.04613490334270715,0.9549131325275609
kILa4dyH3Vx,0.03204341284003616,4.083873961120844,26.233593241373722,-0.05952967061148866,0.9422075773015243
kKahaz2S44T,0.2032746248560887,7.617904791125549,27.147266077112292,0.11170154140456387,1.1181790806799072
kTOYvhV1cAK,0.40105769975829164,11.634049475193024,28.215423583984396,0.3094846163067668,1.3627226081070343
kV7YEi6Lff3,0.07029279115708846,4.099013858371311,26.588184045862292,-0.021280292294436357,0.9789445355010982
kVHNemKcgRJ,0.13207180149129003,5.692643440351253,26.85590998951984,0.04049871803976521,1.041329974758043
kX81t9Zfkfm,0.04395223282184097,6.308945945490186,25.912429267669417,-0.047620850629683846,0.9534952356698754
kZ4wnYhcuPP,0.44936829298806624,14.822318090456669,28.04730897707362,0.3577952095365414,1.4301727047567154
kZeEgx4vvrD,0.08264373010447125,3.3979724601463026,26.839893030237292,-0.008929353347053567,0.9911103949317532
kZenHr6swV8,0.5442313378452949,19.384436843551207,28.04730897707362,0.45265825439377005,1.5724867042562716
kfO4jHn8pNe,0.029359245948253343,4.759625453419156,26.077159288194466,-0.062213837503271474,0.9396819260684453
kh6QU4LASz3,0.050040273210482746,5.180402360580585,26.18868860315396,-0.04153281024104207,0.9593178593749061
khmS9oeb2HR,0.13124548306390058,5.950378900324857,26.79809072989007,0.03967239961237576,1.040469860024175
kigKWhXJboE,0.07688250244204017,5.88511845138338,26.302620894820624,-0.014690581009484643,0.985416799107187
kl5wysaHP1q,0.35568490171871625,6.331601167166674,28.821926088686364,0.26411181826719143,1.302273806160235
kmYCMJPfDgL,0.42375524801274406,12.301058178856259,28.2979428245908,0.33218216456121924,1.3940067640151148
kpLdd1p50bw,0.03932977018809766,5.99238829590656,25.930749511718773,-0.052243313263427155,0.949097910636726
kraCyRAvVgQ,0.09239116003959968,4.956645010709762,26.62805175781252,8.180765880748675e-4,1.000818411303995
kv0KcaW31BK,-0.03168341388796751,4.361404911109378,25.583968098958355,-0.12325649733949233,0.884036880369722
kvQLZc6cBGR,-0.031911825763522264,3.889706906080246,25.67351562500002,-0.12348490921504708,0.8838349789070408
kwXLK0neCdM,0.4559518665187678,18.46491070716612,27.4008481917843,0.364378783067243,1.4396194143526577
kxbUojxj8jj,0.4229124253285051,11.623118153324834,28.421833857783586,0.3313393418769803,1.3928323584697573
kyl4c1dRsFE,0.027392408010194175,6.031181242352441,25.811625744047642,-0.06418067544133065,0.937835540372484
l02XRIG96yf,0.1480356522093701,4.41495181954637,27.25347227758293,0.05646256875784528,1.0580870085479372
l1WdzBfxQf4,0.053323213542744,3.515009133021036,26.543073381696452,-0.03824986990878082,0.9624724179474513
lHURBJ3Jzrb,0.08706192756662444,6.42365074047336,26.293099410445624,-0.004511155884900378,0.9954990040953154
lJ63KC7up59,0.24029091798755597,6.088727330719983,27.79049524377896,0.14871783453603116,1.1603455335770771
lKEoVWt9vzQ,-0.013310141578385795,4.128076772823512,25.801062353971986,-0.10488322502991061,0.9004296640942901
lOonT3K0lGy,0.06465318235599685,4.237363924298968,26.508577473958358,-0.02691990109552797,0.9734392098159841
lPiMotVE0ki,0.0684684848347959,3.8166939040710184,26.626005185883642,-0.023104598616728922,0.9771602688151582
lQDZLd9G7HR,0.09439537633987002,3.818586105549777,26.867987286603032,0.002822292888345207,1.0028262793063165
lQc3dlIYlfc,0.08387646259082955,5.976667781103226,26.350202287946452,-0.007696620860695266,0.9923329222829279
lRAaEcAoHTU,0.09145633494684832,4.7293695986849595,26.663488413986673,-1.1674850467649489e-4,0.999883258310165
lXLFmcLnYzj,0.11593892568111736,2.961920918250571,27.235871731505124,0.024365842229592538,1.0246651150984114
lXu0knGl7Hq,0.2732494589184359,6.880951857265038,27.94459058544306,0.18167637546691107,1.1992260321092107
lYCoE8WCoYF,0.039489765142327396,4.673011196984186,26.18868860315396,-0.05208331830919742,0.9492497736618327
lYkruUqt7Zk,0.3978057109221571,11.172502864490856,28.27473532936792,0.3062326274706323,1.3582982472838505
lc2ZaofQEWf,0.0819644182980356,4.497165016900926,26.619896298363116,-0.009608665153489224,0.9904373505683683
ldEqPsvXhFA,0.06414267649466265,4.141083731695456,26.522519259982662,-0.027430406956862163,0.9729423902191686
ldKWU0Kuudb,0.1064354491997422,5.062313122053942,26.73879140218101,0.01486236574821738,1.0149733599028932
let61UZzj4H,0.11323699494967839,3.063198560348122,27.190930569556475,0.021663911498153568,1.0219002778159456
lf24tZdApUm,0.48028536886600515,17.62803102208075,27.79096588419979,0.38871228541448033,1.4750800882176784
lfZAN5FsWw8,0.1284374529173435,5.815336144632762,26.79809072989007,0.03686436946581867,1.0375522875235077
lhjldK90iQ8,-0.21107348689862684,2.79098078166997,24.21237024377896,-0.30264657035015163,0.7388601853260623
liJvUnEYCj1,0.4183017293221745,12.518729337711925,28.20465830380157,0.3267286458706497,1.386425213925483
liNQWaRIkqb,0.05897376835071901,3.502724578747384,26.598279278094974,-0.032599315100805805,0.9679263153580002
lm0jlUXXHLj,-0.21956580323286443,4.377812191000526,23.824561007517712,-0.31113888668438927,0.7326121187350261
lpN1CG6KbFc,0.10468586541539676,2.8402802411353942,27.154327454229822,0.013112781963871945,1.0131991315040652
lrCftg6xCl0,0.30077942175780387,3.771531400815496,28.806294221698135,0.20920633830627905,1.2326993253816172
luqaWxuKA1k,0.10811396265494246,4.364964034197465,26.89002294000592,0.01654087920341764,1.0166784369412107
lwRu8Hw2ijF,0.0705587847666079,4.449644856982761,26.522519259982662,-0.021014298684916916,0.9792049631261219
lwhKwiUArkc,0.12408908151054907,6.860996183722912,26.55420267124371,0.03251599805902425,1.033050419813366
m1mvmNbaNw4,0.07626131454009757,4.386049895374863,26.588184045862292,-0.015311768911427243,0.984804860197412
m2G8iNOVuC8,0.09386406976263026,4.732384641965231,26.685408528645855,0.002290986311105442,1.002293612625478
m4SGT9FZt44,0.11505729857338633,4.698880398048545,26.89002294000592,0.02348421512186151,1.023762140658454
m5gWuJHLOd7,0.38306663662497054,11.791868443842286,28.01657850477433,0.2914935531734457,1.338425004868781
mA7i90QkYMC,0.026743887676587464,5.994915686271808,25.812612575954883,-0.06482919577493736,0.9372275321291375
mAB3SWnRyCX,0.060307300345646936,6.411471751390717,26.04537951899512,-0.03126578310587788,0.9692179370863044
mAamKkQ83KL,-0.18833838130507988,3.5349511582896405,24.28028172906842,-0.27991146475660467,0.7558506579154183
mHzhxkehewF,0.1585791578278892,4.824952017664909,27.272336425781273,0.06700607437636438,1.0693019734975069
mbB6EZczRbm,0.1214381597044607,5.650328639543281,26.76473734153894,0.029865076252935885,1.0303155105456072
mexe9WBeDm8,0.13124548306390058,5.950378900324857,26.79809072989007,0.03967239961237576,1.040469860024175
mhPbi2Sy6Zs,0.07541711050918683,4.691640389299838,26.52089615581194,-0.01615597294233799,0.9839738347916261
mjN0g5mYATE,0.07800114365055791,4.414024602692083,26.599009618219362,-0.013571939800966909,0.9865197437308725
mkQURGnxw0z,0.07208005795172336,3.8822774688402806,26.647016834077405,-0.01949302549980146,0.9806957350274126
mmKIVNaPKbN,0.06657605538008012,4.0657950549755455,26.55989875073705,-0.024997028071444702,0.9753128105840176
mndfxJfVi86,0.09368694500158489,4.624976310878992,26.704629516601585,0.0021138615500600755,1.0021160973304857
moBxfNwqmDu,0.06732211001223973,4.061613128141121,26.567685275607662,-0.02425097343928509,0.9760407187200141
mrB2lZirTS4,0.3344844279432682,7.434610865940558,28.409367242260537,0.2429113444917434,1.2749555872722698
msblFVbJCOz,0.07076749281725328,4.118772619300419,26.588780834056735,-0.020805590634271537,0.9794093524132611
mxMLXBTQUdN,0.07223920044625214,3.5101963833526324,26.720824743200254,-0.01933388300527268,0.980851817812431
myqoDvEOvLQ,0.422124557182746,12.800721593525099,28.185581903872304,0.3305514737312212,1.3917354223993728
myw6k8n6N1A,0.40773609788104737,12.602660388038272,28.089583333333355,0.31616301442952255,1.3718538693753182
myy1DHtGfoq,0.10739413061927139,5.930830112723417,26.578941451671536,0.01582104716774657,1.0159468625692485
n4ZFvZmzwJc,0.07240495620500915,3.9948733747005463,26.62816885489007,-0.019168127246515662,0.9810144131249032
n8KDnDLDu3Y,0.33970733300580597,12.045608781002185,27.561961534288216,0.24813424955428115,1.2816319791671036
nE3sJcoVkhr,0.08061944125150391,4.47605029940605,26.611428222656272,-0.010953642200020902,0.9891061304967237
nGhS37T47OB,0.12861894652530106,5.93303373483854,26.77691068560166,0.03704586307377625,1.0377406137210985
nHNQZkG07yg,0.4229124253285051,11.623118153324834,28.421833857783586,0.3313393418769803,1.3928323584697573
nK1QAKZMu1O,0.08116837168026889,4.517527461051941,26.60849751592842,-0.010404711771255931,0.98964922999731475
nLfSylP8YHm,0.1316073255001364,5.967780494027669,26.79809072989007,0.040034242048611585,1.0408464142957052
nM2eTGdvB3k,0.10874524812804413,5.338492442150505,26.70670190927936,0.017172164676519316,1.0173204538959346
nPg5j9L5r9k,-0.19897090204726933,3.483684704551157,24.19085946712856,-0.2905439854987941,0.7478566337416146
nROs07gslEc,0.3281570513909642,7.312768560189467,28.373904653695938,0.23658396793943937,1.2669139313062567
nRrmWwNdC7T,0.2550251221057913,8.61097556293601,27.437980062654727,0.1634520386542665,1.177568876045036
nSPb6h0x81X,0.06966627541888243,6.313126036414392,26.151977086950254,-0.02190680803264239,0.9783314034312772
nV2UYL6nZKn,0.04527936589355798,4.720412559807301,26.233593241373722,-0.04629371755796684,0.954761490789528
naW8NwTF6iT,0.3596368161842961,9.762148097504017,28.1920807594477,0.2680637327327713,1.3074304634760376
nahAjPPzKNE,0.07905807177942521,4.3573940663110635,26.619896298363116,-0.012515011672099605,0.9875629754110424
nbxuH29CPEl,0.19305314041058272,6.744528675079346,27.221477050781274,0.1014800569590579,1.1068078450576628
nevVjlTjwla,0.08016094808260812,4.679053818738019,26.567685275607662,-0.011412135368916693,0.9886527360396512
ngHZIXy1Cyw,0.04228850160633359,5.013697126397378,26.148631456163216,-0.04928458184519123,0.9519101947890657
niHQC7y3aOI,-0.04119360792727262,3.9002087599826294,25.584713572376202,-0.13276669137879743,0.8756693694912326
nlTWNMmfEs2,0.1445578583010394,4.800375875046379,27.146050061677656,0.05298477484951458,1.0544135913915431
nmp464Krg92,0.047741427039021775,6.3969186113940335,25.930749511718773,-0.04383165641250304,0.9571150680959067
nrRUFMp6GBr,0.07952622839624782,3.2480467116391214,26.839893030237292,-0.012046855055277,0.9880254177917943
ntzDUxJJjH5,0.30190861838864985,10.227806863961396,27.561961534288216,0.21033553493712503,1.234092071500808
nvJEGB2QY3M,0.23998406028759192,8.950346150883925,27.23142225477433,0.1484109768360671,1.1599895272399163
nwz1OnO6dRt,0.191286119968446,7.3087169130643215,27.095300292968773,0.09971303651692118,1.1048538198795768
nwzZgEdn0uT,0.04446695029611122,3.194845925326701,26.522519259982662,-0.0471061331554136,0.9539861426576723
nzHAnId5SSU,0.3365522691871343,8.654348602198592,28.19161931818184,0.2449791857356095,1.277594720733835
o3Qqs724UzW,0.030896555736211726,3.062672158082326,26.421361142113117,-0.060676527715313094,0.9411276192453738
o91kZBUBdTO,0.038581495875470224,2.9249144718050957,26.519971172626224,-0.05299158757605459,0.9483879906905825
oE2gi8NA9No,0.0658095718113267,3.9888726958522094,26.567685275607662,-0.02576351164019812,0.974565535763831
oKrYLlwx3Jv,0.4493274669135989,14.82035469786029,28.04730897707362,0.3577543834620741,1.430114317611237
oPV7CEDfCJD,0.04141875488487114,2.894463117392558,26.55241100383257,-0.05015432856665368,0.9510826339543507
oSeJMCAtsel,0.41837230703100026,11.388261327037105,28.42504385489007,0.32679922357947544,1.3865230680936609
oVnoUDWITSG,0.07485695463458023,4.315441516814408,26.588780834056735,-0.016716128816944592,0.9834228104117883
oYhrpaXoygy,0.07637719346207199,3.7091992254610413,26.720824743200254,-0.01519588998945283,0.9849189849351649
oZHIDjjLHq5,0.07510462417982118,4.36308084041984,26.581836389612292,-0.016468459271703637,0.9836664044561905
odLQhWo6J4l,0.43197629819818084,11.620503204840201,28.5070660626447,0.340403214746656,1.405514200375427
oexviAkTt9T,0.03590340093794658,4.500537085312382,26.18868860315396,-0.05566968251357824,0.9458515155904753
ogpT00B8IBA,-0.004471771431056573,4.851548876832514,25.743059225643407,-0.0960448548825814,0.9084232679358192
oiehQWfMA6F,0.1006136456323816,2.340570742885272,27.213389756944466,0.009040562180856776,1.0090815514921538
oixfhhWK51U,0.05573860657398647,4.49443773053727,26.375282373968183,-0.035834476877538345,0.9647999769718429
ojwvXYvPWDV,0.20596330132169016,7.780470486040467,27.140800871672475,0.11439021787016534,1.121189547730864
okDqhh9n4yT,-0.029079537356684382,3.8561958774276395,25.706503693953827,-0.1206526208082092,0.8863418028197282
onLZ8h8Nng2,0.049243471413670734,5.668792175774527,26.086313621596556,-0.042329612037854084,0.9585537776321209
oybM64pE8eF,0.39272962452544713,11.827639939033823,28.099949834118174,0.3011565410739223,1.351420877856063
p2Pty3w7ZTt,0.016083895980113873,5.658576103357167,25.778342379056514,-0.07548918747141095,0.9272897568267999
pAdqBPJaM1V,0.4229124253285051,11.623118153324834,28.421833857783586,0.3313393418769803,1.3928323584697573
pHodvvtYY5g,0.0024567035351985883,4.654660269325854,25.846091356464484,-0.08911637991632623,0.9147391101183722
pIgGAes1mIZ,0.17418402648083875,5.3426514976903015,27.317578125000022,0.08261094302931393,1.0861191641053949
pUkWAEHSdYh,0.06325724616202033,6.326157983541488,26.089536132812523,-0.028315837289504486,0.9720812987894476
pXLRd53sEqv,0.3678310906896932,6.915731231371562,28.821926088686364,0.2762580072381684,1.3181879221818733
pabHjergwfU,0.09357685949378429,2.1463009393215176,27.185373535156273,0.0020037760422594725,1.0020057849430448
pdD5K76izm2,0.06002407826618261,3.215991783375833,26.663828412224287,-0.031549005185342205,0.9689434720358246
pfav1hH9Nuf,0.059921655123167744,5.8617042766677,26.148631456163216,-0.03165142832835707,0.9688442348821923
pfv9Lx3I1Td,0.06978055961509215,4.412218738485266,26.522519259982662,-0.021792523836432667,0.9784432176385218
pq9aWJAQf1y,0.13154557973187592,5.964811039191706,26.79809072989007,0.0399724962803511,1.0407821484183066
pw4027AoDyF,-0.0036016206150015777,4.688689683732531,25.782847377232166,-0.0951747040665264,0.9092140771955006
pxuXSu9q5yF,0.4070941531896408,11.686442310159856,28.26166548295457,0.315521069738116,1.370973497671691
pzzGdxdxAjT,0.10875662488445134,5.366918699028566,26.701283122583785,0.017183541432926525,1.017332027768763
q41fzg3VOu8,0.43367102205429353,10.082081057407239,28.821926088686364,0.3420979386027687,1.407898178342492
q6K3sqyd4oV,0.03193472117443899,4.078646801412106,26.233593241373722,-0.05963836227708583,0.9421051727559702
q8PMH6Ry9JW,0.07850895781165826,5.963337346359534,26.302620894820624,-0.013064125639866558,0.987020839647977
q9q9FHUd8l1,0.4890502010450821,17.95956424077352,27.808455403645855,0.3974771175935573,1.488065743052086
qCsuP679oS8,-0.23343220294813377,3.7109543827344793,23.824561007517712,-0.3250052863996586,0.7225235340838124
qFjssJQpnnv,0.07652277477324833,5.933562836557064,26.289842368071955,-0.015050308678276489,0.985062381170047
qJdheVOytqr,0.04618745730501399,6.258832880269702,25.943063211886706,-0.04538562614651083,0.95562889528098
qJo9fG9KHvs,0.1752368545436513,6.172185882082523,27.166185141509455,0.08366377109212647,1.0872632630049566
qMd43Yo2OnN,0.3779377800173814,16.80564045906067,26.994124348958355,0.28636469656585656,1.331577988630356
qaAyF1vMpT5,-0.005952935969803535,4.481896805986066,25.801062353971986,-0.09752601942132835,0.907078739584845
qcLkm2qxRa9,0.04412686089779712,6.22308822252132,25.930749511718773,-0.0474462225537277,0.953661757247562
qdZifoymrMl,0.38063161141810115,11.773761797834325,27.99733660662618,0.28905852796657633,1.3351698710193103
qidjllikVPL,0.049995775696061076,4.175302991412935,26.383630952380976,-0.04157730775546374,0.959275173064348
qivz1D2IdLX,0.334788485807682,7.449233505213372,28.409367242260537,0.24321540235615718,1.2753433064869093
qmFkQ9hWgLj,0.09505473759797833,2.593986541032791,27.11217253311823,0.0034816541464535167,1.003487722144431
qsHx8GKJZ1g,0.09551731649521848,4.704095047299223,26.70636070931314,0.003944233043693665,1.0039520217676592
quQrHti3Gtg,-0.1864851140102629,3.5149136384328195,24.3014996563947,-0.2780581974617877,0.7572527500439398
qvMVcvxSTTB,0.33208707039231156,11.89580590516618,27.51984839578279,0.24051398694078674,1.2719027237328668
qwkCNmfKEAe,0.07318092539905796,4.356975674629211,26.565041387648833,-0.018392158052466856,0.981775945513031
qx0dheRsd0n,0.331520773441607,7.472373540584858,28.374324857271656,0.2399476899900822,1.271182653004996
qxyon2KUKSl,0.07552163651870245,4.187321119081407,26.619896298363116,-0.016051446932822372,0.9840766910255269
r0a3jFnWiqb,0.38607108482647806,8.878454371734902,28.610934335214143,0.29449800137495324,1.3424522803083174
r1cISHt9n4i,0.10926385811219005,5.375276280909168,26.70440001195793,0.017690774660665237,1.0178481832714343
r7OLGRLMOoI,0.41487401196420975,11.588963947076907,28.35333378232761,0.32330092851268494,1.3816810755818683
r9i6rl8Q4sd,0.43672382112976665,12.27081561088562,28.42504385489007,0.34515073767824184,1.4122027757921667
rAiZFZa9lbI,0.10268628123249543,3.076368422901378,27.089748690990714,0.011113197780970613,1.0111751787529046
rDegCQFaDM8,0.40110618832283007,16.814276105707343,27.20901100852275,0.30953310487130525,1.3627886861721679
rDgoobC9Utn,0.07025935411406888,4.43524474788595,26.522519259982662,-0.02131372933745594,0.9789118030377922
rG6tPekdChS,0.08593280836466281,4.85530080365353,26.587380731301252,-0.005640275086862004,0.9943756014013875
rRIEK1OGKUD,0.05118729072590945,6.485196159264751,25.945801237587638,-0.04038579272561537,0.9604188450666978
rSOp7AThn12,0.02460691521285617,6.028179084029151,25.78617205753507,-0.06696616823866865,0.935226841172839
rTM2bUguifR,0.10502105929736212,5.400883200267951,26.659763590494816,0.013447975845837304,1.013538806579481
rUAoj7p7BVs,0.07326598513464813,4.300390322621052,26.57683481069714,-0.018307098316876685,0.9818594586671182
rV1nGsrtj0L,0.4081840895855355,8.856372850912589,28.821926088686364,0.31661100613401066,1.3724685862123092
rY9C4fJzxAc,0.5650888053705795,20.23259035069892,28.077419589428214,0.47351572191905467,1.6056292276756692
rc3hsUR4rq6,0.024295472738046726,5.964542890263495,25.795629654643715,-0.0672776107134781,0.9349356171630331
rceOxNuYm1D,0.047041431417170536,6.362241520071927,25.930946436468183,-0.04453165203435428,0.9564453261741857
reZwG5541C7,0.07243671805656483,4.580896631435113,26.514562084056735,-0.019136365394959984,0.9810455724539032
rgErs1iV287,0.02124417031549012,4.958500664608151,25.96264935661767,-0.0703289131360347,0.9320871937600715
riOB8QiGaWi,0.4320306724897814,11.623118153324834,28.5070660626447,0.34045758903825657,1.4055906262921907
riYumolTWpG,0.35349216958264457,11.532760394944084,27.79049524377896,0.26191908613111975,1.299421396963042
rkiXe7VnFlY,0.13297629405429257,5.955652853038824,26.81324428665306,0.04140321060276775,1.0422722760638627
rnQ8zEGsJ1f,0.07133945683296211,3.4669262435701174,26.720824743200254,-0.020233626618562706,0.9799696995534143
rq8Gya0NAdN,-0.22182878711640808,2.273740829141052,24.21237024377896,-0.3134018705679329,0.7309561037917213
rsWhWhSJ0MB,0.05835658622594499,4.620340647562496,26.375282373968183,-0.03321649722557983,0.9673291128483766
rwJWi2iXpje,-0.16222808390097385,2.3848483109915697,24.747888183593773,-0.2538011673524987,0.7758460502354018
s5FqGpuWzLi,0.115188089578655,3.0563679263796857,27.210495946740615,0.02361500612713019,1.023896048294753
s6GqwMbdx71,0.06792673089416688,4.874580796559652,26.415322730654786,-0.023646352557357933,0.9766310317599757
s7VY6XO8izZ,0.06798402424121316,3.3973586793257806,26.70298170998834,-0.023589059210311653,0.9766869878235542
s8Tb6kHeDBS,0.5108505882647558,17.77910208033624,28.04730897707362,0.419277504813231,1.5208623428560326
s9iLQ3Qtgup,0.10923547024592345,2.9887830738140186,27.167990510360077,0.017662386794398632,1.0178192891434512
sAXuDHiM0mZ,0.076357867591144,4.509760013080778,26.565041387648833,-0.015215215860380812,0.9848999507019147
sBCK54x1qnu,0.053046377430371376,4.364964034197465,26.375282373968183,-0.03852670602115344,0.9622060077026906
sGcUCk0ODwW,0.10691972217823827,5.965926966181509,26.567685275607662,0.015346638726713449,1.0154650031101393
sH83xLzGu1y,0.015671269904325328,6.015648762385052,25.70508219401044,-0.07590181354719949,0.9269072118227712
sKvov8qs1Zz,0.0931829274928019,2.127356106042862,27.185373535156273,0.0016098440412770781,1.0016111405358203
sMmv3Gps1Na,0.4531401486198123,15.00371278780643,28.04730897707362,0.36156706516828746,1.4355772959889153
sR3Ftrdh7EI,-0.16410936381536848,3.4407321504343327,24.52507392669395,-0.25568244726689326,0.7743878387265196
sVVC1BegCsb,0.09107263255546207,5.234786433037197,26.561665358498853,-5.004508960627513e-4,0.9994996743085998
sXVKYRLBZlA,0.559935392313342,20.13967047005056,28.04730897707362,0.4683623088618172,1.5973760413532014
sZXtbbAnnWn,0.4691245509943921,17.539676925871106,27.703814019097244,0.3775514675428673,1.4587085180055492
satL2RmkAxS,0.10992083744839551,5.3950284524839756,26.70670190927936,0.01834775399687069,1.0185171082061075
sbmlKetrXaA,0.09767815390762614,5.521484855148526,26.567685275607662,0.0061050704561013275,1.006123744381273
sbv6fLTWHx6,0.10923159456277949,2.451747108101845,27.272336425781273,0.017658511111254674,1.017815344406033
sdHLoIQ977Q,0.11932533350055853,3.607701411470771,27.142007446289085,0.027752250049033714,1.0281409309999126
sdSg7MF0ON1,0.1935127269601105,6.766630942821503,27.221477050781274,0.10193964350858567,1.1073166359639361
sg7IBwzuK9n,0.2413938814114016,6.072624409310171,27.80393499926988,0.1498207979598768,1.161626058315794
sic3dzZPUlT,0.11323913454938503,3.063301457192307,27.190930569556475,0.02166605109786021,1.0219024642758192
sqYqqHYH6YE,0.4376023594340167,12.31306595272488,28.42504385489007,0.3460292759824919,1.4134439951736195
srm3E9ws9t3,0.4900518562749049,17.834962938346116,27.84203670726105,0.39847877282338007,1.489557018633242
swJmAnepvsB,-0.20765814611920785,2.955230097527857,24.21237024377896,-0.29923122957073267,0.741387958794087
t0IAEwq3G7h,0.07684502487277256,4.596581121067425,26.552719887534362,-0.014728058578752257,0.9853798687728749
t4odii1CWHL,0.06124918420491309,3.806402210962205,26.560523623511926,-0.030323899246611725,0.9701312578708893
t5k7KDD9VVU,0.365051805014713,6.782070844261734,28.821926088686364,0.2734787215631882,1.3145293877839503
t7qDG56TF3b,0.09027551826465595,4.798734253415694,26.63896859975964,-0.0012975651868688681,0.9987032762868432
tAcDsk4g5XB,0.3350872347161551,14.700957169899574,27.00266301081733,0.24351415126463027,1.2757243708260944
tG1Mb9Wb3QJ,0.09862052659426263,5.566805096688094,26.567685275607662,0.007047443142737808,1.0070723348100088
tHaaamft4vA,0.09375356802268413,5.036056268995052,26.625351836302592,0.0021804845711593107,1.0021828635564412
tM1gnIt4saI,0.4350333048105488,13.07020829232891,28.25386619996491,0.343460221359024,1.4098174407456332
tORfkOrweN4,0.1076128880339469,5.397975412840696,26.684555714400798,0.016039804582422088,1.0161691327890947
tQ5fscdYj4j,0.44936829298806624,14.822318090456669,28.04730897707362,0.3577952095365414,1.4301727047567154
tSMKAhL8KHu,0.06513092562482878,3.6009803375472194,26.636735202955187,-0.02644215782669604,0.9739043749519997
tUTcgIioi9j,0.10944377861205423,2.9261980563081718,27.182102129536315,0.017870695160529415,1.0180313315009208
tXMjr7pBSf1,0.05385702202038959,6.4694042523702,25.973825799851213,-0.03771606143113523,0.9629863310370304
tYAjWRLBGD7,0.05952009302454675,3.8130271877561293,26.543073381696452,-0.03205299042697807,0.9684552618616342
taQ8zJC5oC6,-0.029942069829307846,4.405095345125747,25.591753211388244,-0.12151515328083266,0.8855776338406082
tb6d4XFTadM,0.07675153615950997,5.998783992585683,26.27930385044645,-0.014821547292014847,0.985287751182913
tbCgyfOfiey,0.0424866943641867,4.670792154394665,26.2171335073618,-0.04908638908733812,0.9520988751927266
tbUAEogTibW,-0.22566993983829262,3.9848469223294924,23.843882533482166,-0.31724302328981746,0.7281537752954972
tkRPz3Be7HU,0.06050077416737811,4.013357135714317,26.513302674585482,-0.031072309284146706,0.9694054735257938
tkcmhrXLc4M,-0.18719526365312048,3.961660154660543,24.208028738839307,-0.27876834710464526,0.7567151781747706
tm7bnEj47eu,0.07483500403624567,4.715684606104481,26.510781548947726,-0.016738079415279147,0.9834012239296028
tmIevlEEceM,0.13631837240845252,5.8946879943211865,26.856333705357166,0.0447452889569277,1.045761458990505
tn2QSIG9ftp,0.0252223854577254,5.962339470319657,25.804722181658903,-0.06635069799379942,0.9358026226357873
to8ODHXkSjA,-0.0021060344653678273,4.50512824285598,25.832505580357164,-0.09367911791689265,0.9105749025385185
tpZTCiBoXXv,0.032551270364015054,4.166586622314634,26.22226378242927,-0.05902181308750976,0.9426862060361215
tvAmn2ilfSQ,0.4320306724897814,11.623118153324834,28.5070660626447,0.34045758903825657,1.4055906262921907
tzMpuEycAaH,-0.041258691771201804,3.89707877163617,25.584713572376202,-0.13283177522272663,0.8756123794172417
u1kdqygq4cZ,0.3825853150865159,11.768720904986065,28.01657850477433,0.29101223163499107,1.3377809470982038
u29zRsgcEhv,0.07655262214686309,5.949373835715178,26.287048225759367,-0.015020461304661725,0.9850917831337551
u35k1g9cul4,0.10502105929736212,5.400883200267951,26.659763590494816,0.013447975845837304,1.013538806579481
u38XQ262fCg,0.09389849920435794,4.639010126392047,26.70387929280601,0.0023254157528331265,1.0023281216290674
u3Rf0HIQFdQ,0.10309322495918424,3.063849619815225,27.09598581414476,0.011520141507659426,1.0115867538867611
u8JE3jXmMi1,-0.0017344147222660123,4.684772382272737,25.801062353971986,-0.09330749817379083,0.9109133530334227
uB1sDRKKZY4,0.08190538430875195,6.37403160277928,26.254543297313106,-0.009667699142772865,0.9903788828262378
uBCyZ4sK9J8,0.3964346814077595,11.215741129482494,28.253515625000023,0.3048615979562347,1.3564372563257467
uE27WBsePg2,0.07207884936996944,4.692623309791088,26.489500935872417,-0.019494234081555373,0.9806945497771573
uEClV6PVNfA,0.382690133586486,11.773761797834325,28.01657850477433,0.2911170501349612,1.3379211786396688
uGO7RBLMqvx,0.025756985185942733,5.947453933733479,25.812612575954883,-0.06581609826558209,0.9363030362120763
uHobMKWARsi,0.09529881661526109,3.9340411435882996,26.85399146889743,0.0037257331637362695,1.0037326823351125
uHr7HJz9tND,0.3330637227346982,7.3891703748703,28.404919433593772,0.24149063928317338,1.2731455373068943
uSAXIXmJwG0,0.20198703921679736,5.8950819591484445,27.470090597927005,0.11041395576527255,1.1167402558573403
uSoGb6vJdtL,-0.14608056188363383,3.511589097409021,24.679824683779785,-0.23765364533515865,0.7884757360551398
uUDk7V3xs0J,0.2993492165558268,5.744901169126279,28.409367242260537,0.20777613310430199,1.230937572528334
uUJJBiM2nSD,0.558047611136294,20.387077850045507,27.98157520479371,0.46647452768476916,1.594363389438143
uYaIFozs22X,0.45335879630612774,14.611739225387574,28.125539550781273,0.3617857128546029,1.4358912159608974
uYdd6fPUlsz,-0.009065222373777786,4.272797102177584,25.812612575954883,-0.1006383058253026,0.904260039332774
uZ8jlL4Yx5M,0.11627491004393835,5.076541072314548,26.827999657699763,0.02470182659241353,1.0250094443956033
ubAjv1LXNit,0.49883811287926677,17.85311226050059,27.920638020833355,0.40726502942774195,1.502702313225399
ueVJRntc54x,0.07306917757143008,4.692701958119869,26.498742675781273,-0.018503905880094734,0.9816662403136757
ufP7gKACXrJ,0.20444980044623265,5.832449732003389,27.505284740306735,0.11287671699470783,1.1194939098671959
unsEmk9xJjW,-0.21136781462830437,3.8745464075179328,23.999009486607164,-0.30294089807982916,0.7386427502853169
uoXDKo3NWHF,-0.06626704109980674,0.9076955387466832,25.931987561677655,-0.15784012455133156,0.8539863024983191
upMt6mCCrXb,0.052375393260621135,3.459127053760346,26.54507533482145,-0.03919769019090368,0.9615605992571231
ur8TCegLzDb,0.1073795218886255,5.3978758816866534,26.682393685567032,0.01580643843710068,1.0159320209835914
uszSP49ZWaN,0.11484343668079813,5.397847910517269,26.752167566043838,0.023270353229273316,1.0235432203596817
utQF79TaZUx,0.011516210434256728,3.3905828093610166,26.176469607469535,-0.08005687301726809,0.9230638474676274
uzSMeP9F1V7,0.02023966708641492,5.682117095700018,25.812612575954883,-0.0713334163651099,0.9311513792571934
v5Dvp9c4c1A,0.10413135063204366,5.403528833389283,26.650932874177656,0.012558267180518848,1.0126374533509777
v9vLJMs9beJ,0.1086419478458509,5.333524562874619,26.70670190927936,0.01706886439432609,1.0172153698336663
vFkgaTYw1XF,0.11168737036898993,3.0585693438206962,27.17734532510083,0.020114286917465113,1.0203179423560347
vJz2e5IMxhw,0.06339913095467334,3.8865532046272637,26.565041387648833,-0.02817395249685148,0.9722192321280583
vMfCLDvL8qT,0.43737471536705824,12.302118177767152,28.42504385489007,0.3458016319155334,1.4131222696549821
vP1Sy4iVZvq,0.40880479356924454,10.401375424187139,28.527430350825494,0.3172317101177197,1.373320747373841
vPmCzlQD5a8,0.03775369365665425,4.970075720777879,26.11472121018632,-0.05381938979487057,0.9476032378624697
vQHYEahgPpP,0.5598559896823001,19.849183947126438,28.103027800087638,0.4682829062307753,1.597249210528172
vSxa3Qw7II0,0.3099964190862212,4.1951404420014855,28.81011381060166,0.2184233356346964,1.2441136337888807
vYJ87sWIOtm,0.01950810816285871,6.109875010994246,25.722632296580212,-0.07206497528866611,0.9304704362618472
vag9WBcOG4R,-0.22079591646409763,4.3186540367468345,23.824561007517712,-0.31236899991562245,0.7317114769336759
vckG3XOuOIk,0.22020700174058125,8.849260238500742,27.0662053034856,0.12863391828905643,1.1372737128434884
vfWe6NLCaa3,0.48106827676216873,17.83548766544887,27.757961309523832,0.3894951933106439,1.4762353922555331
vgwM5aF5ezy,0.5523679656093036,19.775740561084213,28.04730897707362,0.46079488215777875,1.5853336377131662
vixFscysJP5,0.3785623741831364,11.575251106862668,28.01657850477433,0.28698929073161156,1.332409944263573
vlNYOHVBkGG,0.07298010478353045,4.607028986568804,26.514562084056735,-0.018592978667994364,0.9815788044589995
vm7EDebLb4m,0.4531401486198123,15.00371278780643,28.04730897707362,0.36156706516828746,1.4355772959889153
voEM4qts0Vj,-0.2204366296191937,4.39107101758321,23.813843936011928,-0.3120097130707185,0.7319744184744932
vvAAsv286P9,0.3973700662384374,11.589906473417539,28.18953362542232,0.3057969827869126,1.3577066407479932
vz53vDq4xeM,0.12261394074455316,5.235252170001759,26.856405101102965,0.031040857293028343,1.03152764845296
w1b5z3tiP1A,0.08723156822006065,5.425571510424981,26.48867891751805,-0.004341515231464171,0.9956678955218862
w2dpjt6jOpP,0.371781953991338,11.073517156902112,28.050719572368443,0.2802088705398132,1.32340620403962
w3CYKtKUJXN,0.43770972710870126,13.030635351545355,28.28657555740873,0.34613664365717645,1.4135957615159318
w46wCNirUyF,0.08037673217735102,4.479456224487823,26.60849751592842,-0.011196351274173802,0.9888660945941761
w5RrMnMu4qg,0.06568757088591602,4.21538022602046,26.522519259982662,-0.025885512565608795,0.9744466451191262
wAqCfV2UUjf,0.10893991028120108,2.4377195346355434,27.272336425781273,0.01736682682967626,1.0175185069620332
wGNjfcfj8WF,0.24791062408466882,5.1003194474256945,28.053833946814926,0.156337540633144,1.1692207960183223
wGRycTj71ss,0.408643244731127,8.878454371734902,28.821926088686364,0.3170701612796022,1.373098906922256
wHh8j8PCI9u,0.34411659917520765,10.372357036058721,27.928402005709156,0.25254351572368283,1.287295512531811
wLLSCFzaVc5,0.26349760060983607,6.041598227288988,28.01657850477433,0.17192451715831125,1.187588187299451
wLPaIgwNZXc,0.03312328985418687,5.371881074375576,25.993341064453148,-0.05844979359733795,0.9432255951749328
wR4eOoT36S0,0.04974079637326488,3.3521233539168644,26.54124661959137,-0.041832287078259936,0.959030608911071
wV3dpeapeUX,0.08624887532603502,4.4789343609393235,26.663488413986673,-0.005324208125489796,0.9946899403496463
wZfNVhliwxP,0.11605634900173228,5.965926966181509,26.65308928313081,0.024483265550207467,1.0247854417431834
wbnWeWIxXV6,0.04129033218312616,2.743260240313984,26.58059945154674,-0.05028275126839866,0.9509605011953928
wbqRo8PUmVG,0.5697886621156564,20.613952913016917,28.047226836302592,0.47821557866413156,1.6131932159388946
wbsVLCwHeJZ,0.408643244731127,8.878454371734902,28.821926088686364,0.3170701612796022,1.373098906922256
wccB8Ax4P3l,0.06838902190944066,4.438845018977704,26.504336680536706,-0.02318406154208416,0.9770826238866446
wd2Jq0Zd5NI,-0.2299477877532424,4.16064960927498,23.769725371570146,-0.32152087120476724,0.7250454972964832
wgqV75wJXMi,-0.010047772223518122,4.313161657851875,25.795582713895655,-0.10162085567504293,0.9033719951123025
wnWoQcrvINJ,0.22893586696722612,8.88525868565948,27.140800871672475,0.1373627835157013,1.1472442743452547
wq7BmFHgYVp,-0.004670621410620746,4.941561498503754,25.723704993206546,-0.09624370486214556,0.9082426459464891
wy6IacMtRQa,0.10387265722495984,6.076234368716971,26.517762905943652,0.012299573773435019,1.012375524599111
x2NG6OgByyW,0.06380577432645068,4.165820451798262,26.514562084056735,-0.027767309125074136,0.9726146590281327
x3KQTCOEEVg,0.5161753770292903,17.706089166494515,28.111273394574198,0.42460229357776547,1.528982212682018
x6Sybm8nbcO,0.2778810403814336,4.422260137361901,28.465772853387872,0.18630795692990876,1.2047932276772928
x7Gt3nSNtGf,0.07026258536562578,4.200992734091622,26.56808035714288,-0.021310498085899035,0.9789149661531903
xApiYQSebOV,0.48028536886600515,17.62803102208075,27.79096588419979,0.38871228541448033,1.4750800882176784
xEiNGYRxJrz,0.30020932736156714,7.324076883416426,28.110467208059234,0.20863624391004232,1.2319967706842483
xFewURfeM6L,0.03358061941404785,4.5949208504623815,26.148631456163216,-0.057992464037476966,0.9436570587742326
xHEy4TihkHg,0.058783597073376416,6.470452425503494,26.0196728999072,-0.0327894863781484,0.9677422610757088
xIEyBVTWTrM,-0.08641457052097144,4.383239523128227,25.06812834563081,-0.17798765397249627,0.836952756466733
xId3LvZTPA8,0.09862052659426263,5.566805096688094,26.567685275607662,0.007047443142737808,1.0070723348100088
xIpy9Oaipvh,0.09478103826117132,5.085468990780482,26.625351836302592,0.0032079548096465016,1.0032131058032556
xLS8YAlIui7,0.21114944362420537,8.029880539134698,27.140800871672475,0.11957636017268056,1.1270193001699098
xOW0AHGbhzz,0.08666378915004452,4.692699520676224,26.625817871093773,-0.004909294301480294,0.9951027365880115
xUGh6ct7mEH,0.046907461318042826,3.299493180814192,26.52499178592292,-0.04466562213348199,0.956317199681779
xURzuzmwpQS,0.02941336124585191,4.188420477288738,26.18868860315396,-0.06215972220567291,0.9397327786114603
xWIEcSCmwUF,0.5016300597649919,18.549516616481363,27.811377436571806,0.41005697631346705,1.5069036404811538
xbmgFbAsjs8,0.10298857086540286,5.364120545058417,26.647910492995713,0.011415487413878045,1.0114808927312502
xgzSLeahwdm,0.4016483162336364,10.161981021916425,28.5070660626447,0.3100752327821116,1.3635276922552853
xmX4JJjuOWV,0.25565403886713844,8.750984673361177,27.41664565003036,0.16408095541561363,1.1783097017832649
xorO54See89,0.08536269905902709,4.853141292281773,26.582471410779007,-0.006210384392497728,0.9938088601853025
xotrBO0Teo2,0.04787711412385298,6.407473458307925,25.929966322283903,-0.043695969327671835,0.9572449450604588
xt1C9F1Flqu,0.04271342482814762,4.364962234641567,26.278696141098507,-0.0488596586233772,0.9523147694864176
xtiQspjPhwN,0.11030056362069843,5.080864753041949,26.77131447305487,0.01872748016917361,1.018903939249319
xyGWDWLyKFc,0.4229124253285051,11.623118153324834,28.421833857783586,0.3313393418769803,1.3928323584697573
xz1D6sqwTg9,-0.18321883205003658,3.720554954537723,24.292061094480164,-0.2747919155015614,0.7597301948548152
y2CR77qem0S,0.4269995833672305,12.671352650137509,28.256295955882376,0.33542649991570567,1.398536733841204
y7SK3kXA1PW,0.01884312941688875,2.0889297849107007,26.497956063814275,-0.07272995403463607,0.9298518988778797
y87Ejx2fMPc,-0.010283703511333696,4.667914773259209,25.724425014602826,-0.10185678696285852,0.9031588865345982
y9ZxASD5ari,-0.02758030207041101,4.297790826635158,25.634686149434863,-0.11915338552193583,0.8876716343422971
yDh3AyrfubF,-0.005913497047431965,4.483793488172726,25.801062353971986,-0.09748658049895678,0.9071145144982977
yDrJGj36vxz,0.46507460691949315,14.972947799798215,28.164845229640175,0.37350152346796833,1.4528127768555332
yDrdI9AjZRz,0.06642794252924976,3.913146975967618,26.588184045862292,-0.025145140922275058,0.9751683649205842
yH5yZdrQlTZ,0.22138775554576237,8.841931638263523,27.078666759672643,0.12981467209423755,1.1386173462014555
yJcT9pgyACX,0.08634324720641863,4.727959843176715,26.61596817880309,-0.005229836245106187,0.9947838155392352
yOX5Qbnz6df,0.13159571886487234,5.967222311982401,26.79809072989007,0.040022635413347524,1.0408343336411165
yPSYALQxVv2,0.3703158226639174,11.305618074205187,27.991902217158586,0.27874273921239257,1.3214673384081017
ySC7MSESwJm,0.4492809898356742,14.81811953927869,28.04730897707362,0.3577079063841494,1.4300478516212405
ySobQjajGbN,0.06803026522776778,3.9779662673856007,26.590562909915146,-0.023542818223757034,0.9767321518376325
yVtVnwccxPD,-0.21128801141184964,3.8783842745281394,23.999009486607164,-0.3028610948633744,0.738701698704706
yYT7LEG75tk,0.02621851133613318,6.010244790638716,25.804722181658903,-0.06535457211539164,0.9367352642823973
yaDA7hf1abG,0.20593003047902528,7.778870436880322,27.140800871672475,0.11435694702750046,1.1211522454303668
ybY2Q3DyjtJ,0.10242647490638715,3.000210642500927,27.102122738486866,0.010853391454862332,1.0109125031685278
yhBcYQwo2fU,-0.14025652465607855,3.4193339170171653,24.752195857121418,-0.23182960810760336,0.793081246408816
ylSfYC22EEB,0.07914589208724383,4.591280406880603,26.575257374415912,-0.012427191364280984,0.9876497073038883
ylYtvvXBdHM,0.06545829710994983,5.335709759482629,26.302620894820624,-0.02611478634157499,0.9742232556669723
ymMS7CfiGzN,0.4205433232883971,13.149410301279797,28.103027800087638,0.3289702398368723,1.3895365021392954
yqEFXpHWBD3,0.10690402442988937,5.965172035826578,26.567685275607662,0.015330940978364557,1.0154490627211779
ywdasLE91Ac,0.09331319669883155,5.109941025760688,26.606874726197454,0.0017401132473067321,1.001741628122921
yy33ynDdo3x,0.38187921952322923,11.630825986253454,28.03678056432848,0.2903061360717044,1.3368366793176856
yz4CZtegfJM,0.38049720290211014,11.767297872790584,27.99733660662618,0.2889241194505853,1.3349904248781657
z0nxs48MUgA,0.09862052659426263,5.566805096688094,26.567685275607662,0.007047443142737808,1.0070723348100088
z2egw7Rwtyp,0.027309272766262223,6.022105978594885,25.812612575954883,-0.0642638106852626,0.9377575764268878
z5RQhnFx7uA,0.19892722277150243,7.297457825679045,27.168913386418293,0.10735413931997762,1.1133284580567602
z7upPY4IeIB,0.1905369309207668,7.517647861242294,27.04768798828127,0.09896384746924197,1.1040263854895298
z8rWWrFqSFe,-0.03142293206797892,4.349422248510212,25.58873197115387,-0.12299601551950373,0.8842671858991572
z9E2GTr7IxY,0.10555275379552871,5.976804797379477,26.552793337264173,0.013979670344003894,1.0140778428752355
z9GG2HXpIBC,0.07952622839624782,3.2480467116391214,26.839893030237292,-0.012046855055277,0.9880254177917943
zG1rhICR67r,0.06301524460367429,5.562896962519043,26.23562689887155,-0.028557838847850528,0.9718460820628566
zGCQmjTXpar,0.2026620298371188,7.897286526362102,27.087237258184548,0.111088946385594,1.1174942995129475
zHIVROnaeQJ,0.026133737068198177,4.643246106731082,26.06962938030949,-0.06543934638332664,0.9366558566020304
zIKl83kKXZf,0.11397697500850326,3.04802528651137,27.200796669407918,0.022403891556978445,1.0226567434938771
zMJxWJIgF5N,0.09366347312187186,5.031723458076191,26.625351836302592,0.00209038967034704,1.002092576058036
zR0Ojanh6oF,0.05134032004049999,4.149772494469049,26.401161280218183,-0.04023276341102483,0.9605658285503823
zST3vsxIB8D,0.15934555419937,3.663312867835716,27.505284740306735,0.06777247074784518,1.0701217967646734
zVpJ62YdoLb,0.22691830492657877,9.267287553548815,27.04768798828127,0.13534522147505396,1.144931971237837
zaQwZma9DKZ,0.07064862533981714,3.813437536784581,26.647016834077405,-0.020924458111707678,0.9792929394131593
zmaLGUMNidg,0.08212480147575806,2.05544388984379,27.09598581414476,-0.009448281975766762,0.9905962127970614
zmcf6M96y08,0.08680390950417519,3.598042281689468,26.839893030237292,-0.004769173947349631,0.9952421805050959
zqYojcGhPL3,0.12427684454254964,4.46770332813263,27.021135253906273,0.032703761091024824,1.0332444067036133
zrbcNcvYGpi,0.05328981549120846,4.221362986243688,26.405469219501224,-0.03828326796031636,0.9624402737808144
zsbKWuzejVg,0.39526518620598305,11.56035511310284,28.17560221354169,0.30369210275445824,1.3548518367139781
ztbzihCDlMs,0.38269013358648607,11.773761797834325,28.01657850477433,0.29111705013496125,1.337921178639669
zwhfpU5j9aV,-0.05429302103666984,4.1827812638038235,25.407344876802906,-0.14586610448819465,0.86427341776925
zxQu4lRMMP9,0.34557592694433303,12.327839047820481,27.561961534288216,0.2540028434928082,1.28917547002377
